channel,n_tasks,hc_count,lc_count,hc_miss,lc_miss,hc_miss_rate,lc_miss_rate,p99_latency_ms,n_channels,seed
0,1000,114,886,0,886,0.0,1.0,75.0323767780736,1,0
0,1000,114,886,0,886,0.0,1.0,74.30471059433876,1,1
0,1000,114,886,0,886,0.0,1.0,75.6622794049886,1,2
0,1000,114,886,0,886,0.0,1.0,75.0323767780736,4,0
1,1000,100,900,0,900,0.0,1.0,74.90482533664357,4,0
2,1000,110,890,0,890,0.0,1.0,74.71913218921742,4,0
3,1000,96,904,0,904,0.0,1.0,74.74631842456851,4,0
0,1000,114,886,0,886,0.0,1.0,74.30471059433876,4,1
1,1000,100,900,0,900,0.0,1.0,74.0529628218379,4,1
2,1000,110,890,0,890,0.0,1.0,75.49116098437987,4,1
3,1000,96,904,0,904,0.0,1.0,72.39142331755924,4,1
0,1000,114,886,0,886,0.0,1.0,75.6622794049886,4,2
1,1000,100,900,0,900,0.0,1.0,76.51214952732967,4,2
2,1000,110,890,0,890,0.0,1.0,72.64970726341303,4,2
3,1000,96,904,0,904,0.0,1.0,73.41890213480553,4,2
0,1000,114,886,0,886,0.0,1.0,75.0323767780736,16,0
1,1000,100,900,0,900,0.0,1.0,74.90482533664357,16,0
2,1000,110,890,0,890,0.0,1.0,74.71913218921742,16,0
3,1000,96,904,0,904,0.0,1.0,74.74631842456851,16,0
4,1000,85,915,0,915,0.0,1.0,73.770123617897,16,0
5,1000,98,902,0,902,0.0,1.0,73.83783687155653,16,0
6,1000,108,892,0,892,0.0,1.0,72.60192389079465,16,0
7,1000,109,891,0,891,0.0,1.0,75.21220547803473,16,0
8,1000,95,905,0,905,0.0,1.0,72.07258200464177,16,0
9,1000,90,910,0,910,0.0,1.0,76.23647501690887,16,0
10,1000,88,912,0,912,0.0,1.0,76.06752037171293,16,0
11,1000,107,893,0,893,0.0,1.0,73.38308944222086,16,0
12,1000,96,904,0,904,0.0,1.0,73.86580945374449,16,0
13,1000,115,885,0,885,0.0,1.0,76.09725032976492,16,0
14,1000,99,901,0,901,0.0,1.0,73.94294637295391,16,0
15,1000,99,901,0,901,0.0,1.0,74.66214700944815,16,0
0,1000,114,886,0,886,0.0,1.0,74.30471059433876,16,1
1,1000,100,900,0,900,0.0,1.0,74.0529628218379,16,1
2,1000,110,890,0,890,0.0,1.0,75.49116098437987,16,1
3,1000,96,904,0,904,0.0,1.0,72.39142331755924,16,1
4,1000,85,915,0,915,0.0,1.0,72.13090765317988,16,1
5,1000,98,902,0,902,0.0,1.0,76.37089357955662,16,1
6,1000,108,892,0,892,0.0,1.0,74.16493871804329,16,1
7,1000,109,891,0,891,0.0,1.0,74.57844430876196,16,1
8,1000,95,905,0,905,0.0,1.0,75.86541468226564,16,1
9,1000,90,910,0,910,0.0,1.0,74.90877953127888,16,1
10,1000,88,912,0,912,0.0,1.0,76.26411884369276,16,1
11,1000,107,893,0,893,0.0,1.0,74.00345950760244,16,1
12,1000,96,904,0,904,0.0,1.0,73.63927385048159,16,1
13,1000,115,885,0,885,0.0,1.0,74.64102186364455,16,1
14,1000,99,901,0,901,0.0,1.0,72.98284442497766,16,1
15,1000,99,901,0,901,0.0,1.0,74.6611740577689,16,1
0,1000,114,886,0,886,0.0,1.0,75.6622794049886,16,2
1,1000,100,900,0,900,0.0,1.0,76.51214952732967,16,2
2,1000,110,890,0,890,0.0,1.0,72.64970726341303,16,2
3,1000,96,904,0,904,0.0,1.0,73.41890213480553,16,2
4,1000,85,915,0,915,0.0,1.0,71.1222046370864,16,2
5,1000,98,902,0,902,0.0,1.0,73.81583446892459,16,2
6,1000,108,892,0,892,0.0,1.0,74.91980839173377,16,2
7,1000,109,891,0,891,0.0,1.0,76.21210360832082,16,2
8,1000,95,905,0,905,0.0,1.0,72.78505367646542,16,2
9,1000,90,910,0,910,0.0,1.0,74.101676310601,16,2
10,1000,88,912,0,912,0.0,1.0,75.71741495526213,16,2
11,1000,107,893,0,893,0.0,1.0,78.34655399230262,16,2
12,1000,96,904,0,904,0.0,1.0,74.5702486295824,16,2
13,1000,115,885,0,885,0.0,1.0,74.82854479662223,16,2
14,1000,99,901,0,901,0.0,1.0,73.10892464946562,16,2
15,1000,99,901,0,901,0.0,1.0,75.34621563438913,16,2
0,1000,114,886,0,886,0.0,1.0,75.0323767780736,64,0
1,1000,100,900,0,900,0.0,1.0,74.90482533664357,64,0
2,1000,110,890,0,890,0.0,1.0,74.71913218921742,64,0
3,1000,96,904,0,904,0.0,1.0,74.74631842456851,64,0
4,1000,85,915,0,915,0.0,1.0,73.770123617897,64,0
5,1000,98,902,0,902,0.0,1.0,73.83783687155653,64,0
6,1000,108,892,0,892,0.0,1.0,72.60192389079465,64,0
7,1000,109,891,0,891,0.0,1.0,75.21220547803473,64,0
8,1000,95,905,0,905,0.0,1.0,72.07258200464177,64,0
9,1000,90,910,0,910,0.0,1.0,76.23647501690887,64,0
10,1000,88,912,0,912,0.0,1.0,76.06752037171293,64,0
11,1000,107,893,0,893,0.0,1.0,73.38308944222086,64,0
12,1000,96,904,0,904,0.0,1.0,73.86580945374449,64,0
13,1000,115,885,0,885,0.0,1.0,76.09725032976492,64,0
14,1000,99,901,0,901,0.0,1.0,73.94294637295391,64,0
15,1000,99,901,0,901,0.0,1.0,74.66214700944815,64,0
16,1000,90,910,0,910,0.0,1.0,77.2655785380544,64,0
17,1000,112,888,0,888,0.0,1.0,74.47715205571345,64,0
18,1000,97,903,0,903,0.0,1.0,75.4180092696727,64,0
19,1000,118,882,0,882,0.0,1.0,73.80449685609553,64,0
20,1000,98,902,0,902,0.0,1.0,74.15587514352661,64,0
21,1000,101,899,0,899,0.0,1.0,76.88981045831724,64,0
22,1000,98,902,0,902,0.0,1.0,75.73989571570712,64,0
23,1000,108,892,0,892,0.0,1.0,72.80543804920197,64,0
24,1000,107,893,0,893,0.0,1.0,71.76682614882412,64,0
25,1000,117,883,0,883,0.0,1.0,73.44255057615142,64,0
26,1000,82,918,0,918,0.0,1.0,72.56342575068724,64,0
27,1000,85,915,0,915,0.0,1.0,74.86945657645087,64,0
28,1000,111,889,0,889,0.0,1.0,78.00251458421079,64,0
29,1000,101,899,0,899,0.0,1.0,72.5691674909708,64,0
30,1000,103,897,0,897,0.0,1.0,72.97934997400702,64,0
31,1000,112,888,0,888,0.0,1.0,76.9727773768617,64,0
32,1000,115,885,0,885,0.0,1.0,72.72352425786295,64,0
33,1000,109,891,0,891,0.0,1.0,74.16273615712208,64,0
34,1000,91,909,0,909,0.0,1.0,76.43591096030835,64,0
35,1000,104,896,0,896,0.0,1.0,73.89765256290254,64,0
36,1000,88,912,0,912,0.0,1.0,71.57094870932609,64,0
37,1000,101,899,0,899,0.0,1.0,78.36312500989405,64,0
38,1000,96,904,0,904,0.0,1.0,73.80004385696824,64,0
39,1000,114,886,0,886,0.0,1.0,72.86514474133214,64,0
40,1000,94,906,0,906,0.0,1.0,73.32183606546079,64,0
41,1000,91,909,0,909,0.0,1.0,74.67365315596334,64,0
42,1000,101,899,0,899,0.0,1.0,75.29596219359756,64,0
43,1000,89,911,0,911,0.0,1.0,75.44545530904482,64,0
44,1000,90,910,0,910,0.0,1.0,73.85917384999628,64,0
45,1000,106,894,0,894,0.0,1.0,73.59301607810337,64,0
46,1000,97,903,0,903,0.0,1.0,74.0401543409565,64,0
47,1000,102,898,0,898,0.0,1.0,73.97234349785576,64,0
48,1000,91,909,0,909,0.0,1.0,72.44931170928656,64,0
49,1000,87,913,0,913,0.0,1.0,74.08493500376889,64,0
50,1000,94,906,0,906,0.0,1.0,75.2196276919527,64,0
51,1000,114,886,0,886,0.0,1.0,73.21321425117188,64,0
52,1000,85,915,0,915,0.0,1.0,73.51956997856315,64,0
53,1000,110,890,0,890,0.0,1.0,75.05445913052989,64,0
54,1000,111,889,0,889,0.0,1.0,71.93967038930182,64,0
55,1000,106,894,0,894,0.0,1.0,73.82932931250575,64,0
56,1000,75,925,0,925,0.0,1.0,72.69346126748148,64,0
57,1000,99,901,0,901,0.0,1.0,75.97145014268742,64,0
58,1000,101,899,0,899,0.0,1.0,71.08203015312358,64,0
59,1000,95,905,0,905,0.0,1.0,74.12635402954943,64,0
60,1000,98,902,0,902,0.0,1.0,76.32675603409905,64,0
61,1000,96,904,0,904,0.0,1.0,75.54183370133856,64,0
62,1000,99,901,0,901,0.0,1.0,75.25511869689137,64,0
63,1000,103,897,0,897,0.0,1.0,72.31149956800884,64,0
0,1000,114,886,0,886,0.0,1.0,74.30471059433876,64,1
1,1000,100,900,0,900,0.0,1.0,74.0529628218379,64,1
2,1000,110,890,0,890,0.0,1.0,75.49116098437987,64,1
3,1000,96,904,0,904,0.0,1.0,72.39142331755924,64,1
4,1000,85,915,0,915,0.0,1.0,72.13090765317988,64,1
5,1000,98,902,0,902,0.0,1.0,76.37089357955662,64,1
6,1000,108,892,0,892,0.0,1.0,74.16493871804329,64,1
7,1000,109,891,0,891,0.0,1.0,74.57844430876196,64,1
8,1000,95,905,0,905,0.0,1.0,75.86541468226564,64,1
9,1000,90,910,0,910,0.0,1.0,74.90877953127888,64,1
10,1000,88,912,0,912,0.0,1.0,76.26411884369276,64,1
11,1000,107,893,0,893,0.0,1.0,74.00345950760244,64,1
12,1000,96,904,0,904,0.0,1.0,73.63927385048159,64,1
13,1000,115,885,0,885,0.0,1.0,74.64102186364455,64,1
14,1000,99,901,0,901,0.0,1.0,72.98284442497766,64,1
15,1000,99,901,0,901,0.0,1.0,74.6611740577689,64,1
16,1000,90,910,0,910,0.0,1.0,73.03503217914682,64,1
17,1000,112,888,0,888,0.0,1.0,74.52248308843349,64,1
18,1000,97,903,0,903,0.0,1.0,74.42196671314801,64,1
19,1000,118,882,0,882,0.0,1.0,73.9414059484269,64,1
20,1000,98,902,0,902,0.0,1.0,72.80604341286426,64,1
21,1000,101,899,0,899,0.0,1.0,74.48721922594412,64,1
22,1000,98,902,0,902,0.0,1.0,74.45861604843218,64,1
23,1000,108,892,0,892,0.0,1.0,76.06489426072348,64,1
24,1000,107,893,0,893,0.0,1.0,74.53648985678639,64,1
25,1000,117,883,0,883,0.0,1.0,75.24743088543617,64,1
26,1000,82,918,0,918,0.0,1.0,74.56154276363608,64,1
27,1000,85,915,0,915,0.0,1.0,76.08279320853572,64,1
28,1000,111,889,0,889,0.0,1.0,74.75878983519132,64,1
29,1000,101,899,0,899,0.0,1.0,76.30411436342158,64,1
30,1000,103,897,0,897,0.0,1.0,74.34343687844886,64,1
31,1000,112,888,0,888,0.0,1.0,73.1847063940197,64,1
32,1000,115,885,0,885,0.0,1.0,72.81367894096509,64,1
33,1000,109,891,0,891,0.0,1.0,73.89471968185026,64,1
34,1000,91,909,0,909,0.0,1.0,74.29574634667796,64,1
35,1000,104,896,0,896,0.0,1.0,73.61105990010672,64,1
36,1000,88,912,0,912,0.0,1.0,73.50268707998858,64,1
37,1000,101,899,0,899,0.0,1.0,72.08041317754174,64,1
38,1000,96,904,0,904,0.0,1.0,74.18126524923353,64,1
39,1000,114,886,0,886,0.0,1.0,72.14674894304163,64,1
40,1000,94,906,0,906,0.0,1.0,73.65530089887102,64,1
41,1000,91,909,0,909,0.0,1.0,76.76679640030639,64,1
42,1000,101,899,0,899,0.0,1.0,73.16723119934443,64,1
43,1000,89,911,0,911,0.0,1.0,76.11900718199529,64,1
44,1000,90,910,0,910,0.0,1.0,74.09177763274694,64,1
45,1000,106,894,0,894,0.0,1.0,73.63022719519638,64,1
46,1000,97,903,0,903,0.0,1.0,76.80258660973517,64,1
47,1000,102,898,0,898,0.0,1.0,74.2746215215317,64,1
48,1000,91,909,0,909,0.0,1.0,73.50122329467987,64,1
49,1000,87,913,0,913,0.0,1.0,73.2343495541817,64,1
50,1000,94,906,0,906,0.0,1.0,74.70424190933556,64,1
51,1000,114,886,0,886,0.0,1.0,71.94417911952235,64,1
52,1000,85,915,0,915,0.0,1.0,77.28627940847716,64,1
53,1000,110,890,0,890,0.0,1.0,72.6097148729417,64,1
54,1000,111,889,0,889,0.0,1.0,75.52602182139881,64,1
55,1000,106,894,0,894,0.0,1.0,74.74075956552612,64,1
56,1000,75,925,0,925,0.0,1.0,72.00792564361342,64,1
57,1000,99,901,0,901,0.0,1.0,75.74618072690711,64,1
58,1000,101,899,0,899,0.0,1.0,72.67142376984593,64,1
59,1000,95,905,0,905,0.0,1.0,72.42183612563247,64,1
60,1000,98,902,0,902,0.0,1.0,71.97836976127866,64,1
61,1000,96,904,0,904,0.0,1.0,74.74255941359367,64,1
62,1000,99,901,0,901,0.0,1.0,74.3662301611535,64,1
63,1000,103,897,0,897,0.0,1.0,71.59337362453101,64,1
0,1000,114,886,0,886,0.0,1.0,75.6622794049886,64,2
1,1000,100,900,0,900,0.0,1.0,76.51214952732967,64,2
2,1000,110,890,0,890,0.0,1.0,72.64970726341303,64,2
3,1000,96,904,0,904,0.0,1.0,73.41890213480553,64,2
4,1000,85,915,0,915,0.0,1.0,71.1222046370864,64,2
5,1000,98,902,0,902,0.0,1.0,73.81583446892459,64,2
6,1000,108,892,0,892,0.0,1.0,74.91980839173377,64,2
7,1000,109,891,0,891,0.0,1.0,76.21210360832082,64,2
8,1000,95,905,0,905,0.0,1.0,72.78505367646542,64,2
9,1000,90,910,0,910,0.0,1.0,74.101676310601,64,2
10,1000,88,912,0,912,0.0,1.0,75.71741495526213,64,2
11,1000,107,893,0,893,0.0,1.0,78.34655399230262,64,2
12,1000,96,904,0,904,0.0,1.0,74.5702486295824,64,2
13,1000,115,885,0,885,0.0,1.0,74.82854479662223,64,2
14,1000,99,901,0,901,0.0,1.0,73.10892464946562,64,2
15,1000,99,901,0,901,0.0,1.0,75.34621563438913,64,2
16,1000,90,910,0,910,0.0,1.0,72.86731558936673,64,2
17,1000,112,888,0,888,0.0,1.0,72.62751768689594,64,2
18,1000,97,903,0,903,0.0,1.0,75.14147543382006,64,2
19,1000,118,882,0,882,0.0,1.0,75.93625498106937,64,2
20,1000,98,902,0,902,0.0,1.0,72.69259037784163,64,2
21,1000,101,899,0,899,0.0,1.0,72.8099671650708,64,2
22,1000,98,902,0,902,0.0,1.0,79.43754390833779,64,2
23,1000,108,892,0,892,0.0,1.0,75.72286632963528,64,2
24,1000,107,893,0,893,0.0,1.0,72.50316958007102,64,2
25,1000,117,883,0,883,0.0,1.0,73.81128355486739,64,2
26,1000,82,918,0,918,0.0,1.0,70.87650903240795,64,2
27,1000,85,915,0,915,0.0,1.0,75.05114613788501,64,2
28,1000,111,889,0,889,0.0,1.0,75.52732136693653,64,2
29,1000,101,899,0,899,0.0,1.0,75.3451875775645,64,2
30,1000,103,897,0,897,0.0,1.0,73.51558984220308,64,2
31,1000,112,888,0,888,0.0,1.0,74.31047466008629,64,2
32,1000,115,885,0,885,0.0,1.0,74.06905218879174,64,2
33,1000,109,891,0,891,0.0,1.0,75.18544086419311,64,2
34,1000,91,909,0,909,0.0,1.0,72.74470803939623,64,2
35,1000,104,896,0,896,0.0,1.0,73.91918024908229,64,2
36,1000,88,912,0,912,0.0,1.0,73.25411598109571,64,2
37,1000,101,899,0,899,0.0,1.0,72.91671057105142,64,2
38,1000,96,904,0,904,0.0,1.0,75.33681668629461,64,2
39,1000,114,886,0,886,0.0,1.0,74.42070671633937,64,2
40,1000,94,906,0,906,0.0,1.0,75.47441117097844,64,2
41,1000,91,909,0,909,0.0,1.0,72.30216851678782,64,2
42,1000,101,899,0,899,0.0,1.0,75.49734177167643,64,2
43,1000,89,911,0,911,0.0,1.0,74.2148525440547,64,2
44,1000,90,910,0,910,0.0,1.0,73.56167636136401,64,2
45,1000,106,894,0,894,0.0,1.0,74.1301713704828,64,2
46,1000,97,903,0,903,0.0,1.0,75.37713775222396,64,2
47,1000,102,898,0,898,0.0,1.0,73.14916271063909,64,2
48,1000,91,909,0,909,0.0,1.0,74.02377902332049,64,2
49,1000,87,913,0,913,0.0,1.0,75.52654490177841,64,2
50,1000,94,906,0,906,0.0,1.0,73.88103915057181,64,2
51,1000,114,886,0,886,0.0,1.0,74.65522232611492,64,2
52,1000,85,915,0,915,0.0,1.0,71.74054374221278,64,2
53,1000,110,890,0,890,0.0,1.0,74.30615928152541,64,2
54,1000,111,889,0,889,0.0,1.0,74.93594491385701,64,2
55,1000,106,894,0,894,0.0,1.0,72.96257890106578,64,2
56,1000,75,925,0,925,0.0,1.0,73.23508240446715,64,2
57,1000,99,901,0,901,0.0,1.0,74.45884605842134,64,2
58,1000,101,899,0,899,0.0,1.0,72.9878825900485,64,2
59,1000,95,905,0,905,0.0,1.0,73.6690171554386,64,2
60,1000,98,902,0,902,0.0,1.0,73.3026995677878,64,2
61,1000,96,904,0,904,0.0,1.0,74.86011811040817,64,2
62,1000,99,901,0,901,0.0,1.0,73.45253283990294,64,2
63,1000,103,897,0,897,0.0,1.0,72.34909302957595,64,2
