experiment,observed_cohen_d,n_trials,computed_power,power_class,required_n_for_0.8_power
F1 separation shift=5 (Random),0.404,2000,1.0,OVER,48
F1 separation shift=10 (Random),0.382,2000,1.0,OVER,53
F1 separation shift=25 (Random),0.418,2000,1.0,OVER,44
F1 S-Raft shift=10,0.182,2000,0.999999999670038,OVER,236
RF-2 IS-Raft-Perfect shift=10,0.31,3000,1.0,OVER,81
PSR vs EDF (NV-1),2.5,50,1.0,OVER,1
TX-2 mode-switch light burst,0.74,50,0.9992318397172247,OVER,14
TX-2 mode-switch heavy burst,0.08,50,0.08592514940843834,UNDER,1225
M5 Smoothness gamma,0.3,12,0.15820884659211615,UNDER,87
