epsilon,precommit,trial,coalition_utility,honest_utility,coalition_advantage
0.0,False,0,2.8,1.6,1.1999999999999997
0.0,False,1,2.8,1.6,1.1999999999999997
0.0,False,2,2.8,1.6,1.1999999999999997
0.0,False,3,2.8,1.6,1.1999999999999997
0.0,False,4,2.8,1.6,1.1999999999999997
0.0,False,5,2.8,1.6,1.1999999999999997
0.0,False,6,2.8,1.6,1.1999999999999997
0.0,False,7,2.8,1.6,1.1999999999999997
0.0,False,8,2.8,1.6,1.1999999999999997
0.0,False,9,2.8,1.6,1.1999999999999997
0.0,False,10,2.8,1.6,1.1999999999999997
0.0,False,11,2.8,1.6,1.1999999999999997
0.0,False,12,2.8,1.6,1.1999999999999997
0.0,False,13,2.8,1.6,1.1999999999999997
0.0,False,14,2.8,1.6,1.1999999999999997
0.0,False,15,2.8,1.6,1.1999999999999997
0.0,False,16,2.8,1.6,1.1999999999999997
0.0,False,17,2.8,1.6,1.1999999999999997
0.0,False,18,2.8,1.6,1.1999999999999997
0.0,False,19,2.8,1.6,1.1999999999999997
0.0,False,20,2.8,1.6,1.1999999999999997
0.0,False,21,2.8,1.6,1.1999999999999997
0.0,False,22,2.8,1.6,1.1999999999999997
0.0,False,23,2.8,1.6,1.1999999999999997
0.0,False,24,2.8,1.6,1.1999999999999997
0.0,False,25,2.8,1.6,1.1999999999999997
0.0,False,26,2.8,1.6,1.1999999999999997
0.0,False,27,2.8,1.6,1.1999999999999997
0.0,False,28,2.8,1.6,1.1999999999999997
0.0,False,29,2.8,1.6,1.1999999999999997
0.0,False,30,2.8,1.6,1.1999999999999997
0.0,False,31,2.8,1.6,1.1999999999999997
0.0,False,32,2.8,1.6,1.1999999999999997
0.0,False,33,2.8,1.6,1.1999999999999997
0.0,False,34,2.8,1.6,1.1999999999999997
0.0,False,35,2.8,1.6,1.1999999999999997
0.0,False,36,2.8,1.6,1.1999999999999997
0.0,False,37,2.8,1.6,1.1999999999999997
0.0,False,38,2.8,1.6,1.1999999999999997
0.0,False,39,2.8,1.6,1.1999999999999997
0.0,False,40,2.8,1.6,1.1999999999999997
0.0,False,41,2.8,1.6,1.1999999999999997
0.0,False,42,2.8,1.6,1.1999999999999997
0.0,False,43,2.8,1.6,1.1999999999999997
0.0,False,44,2.8,1.6,1.1999999999999997
0.0,False,45,2.8,1.6,1.1999999999999997
0.0,False,46,2.8,1.6,1.1999999999999997
0.0,False,47,2.8,1.6,1.1999999999999997
0.0,False,48,2.8,1.6,1.1999999999999997
0.0,False,49,2.8,1.6,1.1999999999999997
0.0,True,0,2.8,1.6,1.1999999999999997
0.0,True,1,2.8,1.6,1.1999999999999997
0.0,True,2,2.8,1.6,1.1999999999999997
0.0,True,3,2.8,1.6,1.1999999999999997
0.0,True,4,2.8,1.6,1.1999999999999997
0.0,True,5,2.8,1.6,1.1999999999999997
0.0,True,6,2.8,1.6,1.1999999999999997
0.0,True,7,2.8,1.6,1.1999999999999997
0.0,True,8,2.8,1.6,1.1999999999999997
0.0,True,9,2.8,1.6,1.1999999999999997
0.0,True,10,2.8,1.6,1.1999999999999997
0.0,True,11,2.8,1.6,1.1999999999999997
0.0,True,12,2.8,1.6,1.1999999999999997
0.0,True,13,2.8,1.6,1.1999999999999997
0.0,True,14,2.8,1.6,1.1999999999999997
0.0,True,15,2.8,1.6,1.1999999999999997
0.0,True,16,2.8,1.6,1.1999999999999997
0.0,True,17,2.8,1.6,1.1999999999999997
0.0,True,18,2.8,1.6,1.1999999999999997
0.0,True,19,2.8,1.6,1.1999999999999997
0.0,True,20,2.8,1.6,1.1999999999999997
0.0,True,21,2.8,1.6,1.1999999999999997
0.0,True,22,2.8,1.6,1.1999999999999997
0.0,True,23,2.8,1.6,1.1999999999999997
0.0,True,24,2.8,1.6,1.1999999999999997
0.0,True,25,2.8,1.6,1.1999999999999997
0.0,True,26,2.8,1.6,1.1999999999999997
0.0,True,27,2.8,1.6,1.1999999999999997
0.0,True,28,2.8,1.6,1.1999999999999997
0.0,True,29,2.8,1.6,1.1999999999999997
0.0,True,30,2.8,1.6,1.1999999999999997
0.0,True,31,2.8,1.6,1.1999999999999997
0.0,True,32,2.8,1.6,1.1999999999999997
0.0,True,33,2.8,1.6,1.1999999999999997
0.0,True,34,2.8,1.6,1.1999999999999997
0.0,True,35,2.8,1.6,1.1999999999999997
0.0,True,36,2.8,1.6,1.1999999999999997
0.0,True,37,2.8,1.6,1.1999999999999997
0.0,True,38,2.8,1.6,1.1999999999999997
0.0,True,39,2.8,1.6,1.1999999999999997
0.0,True,40,2.8,1.6,1.1999999999999997
0.0,True,41,2.8,1.6,1.1999999999999997
0.0,True,42,2.8,1.6,1.1999999999999997
0.0,True,43,2.8,1.6,1.1999999999999997
0.0,True,44,2.8,1.6,1.1999999999999997
0.0,True,45,2.8,1.6,1.1999999999999997
0.0,True,46,2.8,1.6,1.1999999999999997
0.0,True,47,2.8,1.6,1.1999999999999997
0.0,True,48,2.8,1.6,1.1999999999999997
0.0,True,49,2.8,1.6,1.1999999999999997
0.1,False,0,2.8,1.6,1.1999999999999997
0.1,False,1,2.8,1.6,1.1999999999999997
0.1,False,2,2.8,1.6,1.1999999999999997
0.1,False,3,2.8,1.6,1.1999999999999997
0.1,False,4,2.8,1.6,1.1999999999999997
0.1,False,5,2.8,1.6,1.1999999999999997
0.1,False,6,2.8,1.6,1.1999999999999997
0.1,False,7,2.8,1.6,1.1999999999999997
0.1,False,8,2.8,1.6,1.1999999999999997
0.1,False,9,2.8,1.6,1.1999999999999997
0.1,False,10,2.8,1.6,1.1999999999999997
0.1,False,11,2.8,1.6,1.1999999999999997
0.1,False,12,2.8,1.6,1.1999999999999997
0.1,False,13,2.8,1.6,1.1999999999999997
0.1,False,14,2.8,1.6,1.1999999999999997
0.1,False,15,2.8,1.6,1.1999999999999997
0.1,False,16,2.8,1.6,1.1999999999999997
0.1,False,17,2.8,1.6,1.1999999999999997
0.1,False,18,2.8,1.6,1.1999999999999997
0.1,False,19,2.8,1.6,1.1999999999999997
0.1,False,20,2.8,1.6,1.1999999999999997
0.1,False,21,2.8,1.6,1.1999999999999997
0.1,False,22,2.8,1.6,1.1999999999999997
0.1,False,23,2.8,1.6,1.1999999999999997
0.1,False,24,2.8,1.6,1.1999999999999997
0.1,False,25,2.8,1.6,1.1999999999999997
0.1,False,26,2.8,1.6,1.1999999999999997
0.1,False,27,2.8,1.6,1.1999999999999997
0.1,False,28,2.8,1.6,1.1999999999999997
0.1,False,29,2.8,1.6,1.1999999999999997
0.1,False,30,2.8,1.6,1.1999999999999997
0.1,False,31,2.8,1.6,1.1999999999999997
0.1,False,32,2.8,1.6,1.1999999999999997
0.1,False,33,2.8,1.6,1.1999999999999997
0.1,False,34,2.8,1.6,1.1999999999999997
0.1,False,35,2.8,1.6,1.1999999999999997
0.1,False,36,2.8,1.6,1.1999999999999997
0.1,False,37,2.8,1.6,1.1999999999999997
0.1,False,38,2.8,1.6,1.1999999999999997
0.1,False,39,2.8,1.6,1.1999999999999997
0.1,False,40,2.8,1.6,1.1999999999999997
0.1,False,41,2.8,1.6,1.1999999999999997
0.1,False,42,2.8,1.6,1.1999999999999997
0.1,False,43,2.8,1.6,1.1999999999999997
0.1,False,44,2.8,1.6,1.1999999999999997
0.1,False,45,2.8,1.6,1.1999999999999997
0.1,False,46,2.8,1.6,1.1999999999999997
0.1,False,47,2.8,1.6,1.1999999999999997
0.1,False,48,2.8,1.6,1.1999999999999997
0.1,False,49,2.8,1.6,1.1999999999999997
0.1,True,0,2.8,1.6,1.1999999999999997
0.1,True,1,2.8,1.6,1.1999999999999997
0.1,True,2,2.8,1.6,1.1999999999999997
0.1,True,3,2.8,1.6,1.1999999999999997
0.1,True,4,2.8,1.6,1.1999999999999997
0.1,True,5,2.8,1.6,1.1999999999999997
0.1,True,6,2.8,1.6,1.1999999999999997
0.1,True,7,2.8,1.6,1.1999999999999997
0.1,True,8,2.8,1.6,1.1999999999999997
0.1,True,9,2.8,1.6,1.1999999999999997
0.1,True,10,2.8,1.6,1.1999999999999997
0.1,True,11,2.8,1.6,1.1999999999999997
0.1,True,12,2.8,1.6,1.1999999999999997
0.1,True,13,2.8,1.6,1.1999999999999997
0.1,True,14,2.8,1.6,1.1999999999999997
0.1,True,15,2.8,1.6,1.1999999999999997
0.1,True,16,2.8,1.6,1.1999999999999997
0.1,True,17,2.8,1.6,1.1999999999999997
0.1,True,18,2.8,1.6,1.1999999999999997
0.1,True,19,2.8,1.6,1.1999999999999997
0.1,True,20,2.8,1.6,1.1999999999999997
0.1,True,21,2.8,1.6,1.1999999999999997
0.1,True,22,2.8,1.6,1.1999999999999997
0.1,True,23,2.8,1.6,1.1999999999999997
0.1,True,24,2.8,1.6,1.1999999999999997
0.1,True,25,2.8,1.6,1.1999999999999997
0.1,True,26,2.8,1.6,1.1999999999999997
0.1,True,27,2.8,1.6,1.1999999999999997
0.1,True,28,2.8,1.6,1.1999999999999997
0.1,True,29,2.8,1.6,1.1999999999999997
0.1,True,30,2.8,1.6,1.1999999999999997
0.1,True,31,2.8,1.6,1.1999999999999997
0.1,True,32,2.8,1.6,1.1999999999999997
0.1,True,33,2.8,1.6,1.1999999999999997
0.1,True,34,2.8,1.6,1.1999999999999997
0.1,True,35,2.8,1.6,1.1999999999999997
0.1,True,36,2.8,1.6,1.1999999999999997
0.1,True,37,2.8,1.6,1.1999999999999997
0.1,True,38,2.8,1.6,1.1999999999999997
0.1,True,39,2.8,1.6,1.1999999999999997
0.1,True,40,2.8,1.6,1.1999999999999997
0.1,True,41,2.8,1.6,1.1999999999999997
0.1,True,42,2.8,1.6,1.1999999999999997
0.1,True,43,2.8,1.6,1.1999999999999997
0.1,True,44,2.8,1.6,1.1999999999999997
0.1,True,45,2.8,1.6,1.1999999999999997
0.1,True,46,2.8,1.6,1.1999999999999997
0.1,True,47,2.8,1.6,1.1999999999999997
0.1,True,48,2.8,1.6,1.1999999999999997
0.1,True,49,2.8,1.6,1.1999999999999997
0.5,False,0,-0.05685424949238049,1.6,-1.6568542494923806
0.5,False,1,-0.05685424949238049,1.6,-1.6568542494923806
0.5,False,2,-0.05685424949238049,1.6,-1.6568542494923806
0.5,False,3,-0.05685424949238049,1.6,-1.6568542494923806
0.5,False,4,-0.05685424949238049,1.6,-1.6568542494923806
0.5,False,5,-0.05685424949238049,1.6,-1.6568542494923806
0.5,False,6,-0.05685424949238049,1.6,-1.6568542494923806
0.5,False,7,-0.05685424949238049,1.6,-1.6568542494923806
0.5,False,8,-0.05685424949238049,1.6,-1.6568542494923806
0.5,False,9,-0.05685424949238049,1.6,-1.6568542494923806
0.5,False,10,-0.05685424949238049,1.6,-1.6568542494923806
0.5,False,11,-0.05685424949238049,1.6,-1.6568542494923806
0.5,False,12,-0.05685424949238049,1.6,-1.6568542494923806
0.5,False,13,-0.05685424949238049,1.6,-1.6568542494923806
0.5,False,14,-0.05685424949238049,1.6,-1.6568542494923806
0.5,False,15,-0.05685424949238049,1.6,-1.6568542494923806
0.5,False,16,-0.05685424949238049,1.6,-1.6568542494923806
0.5,False,17,-0.05685424949238049,1.6,-1.6568542494923806
0.5,False,18,-0.05685424949238049,1.6,-1.6568542494923806
0.5,False,19,-0.05685424949238049,1.6,-1.6568542494923806
0.5,False,20,-0.05685424949238049,1.6,-1.6568542494923806
0.5,False,21,-0.05685424949238049,1.6,-1.6568542494923806
0.5,False,22,-0.05685424949238049,1.6,-1.6568542494923806
0.5,False,23,-0.05685424949238049,1.6,-1.6568542494923806
0.5,False,24,-0.05685424949238049,1.6,-1.6568542494923806
0.5,False,25,-0.05685424949238049,1.6,-1.6568542494923806
0.5,False,26,-0.05685424949238049,1.6,-1.6568542494923806
0.5,False,27,-0.05685424949238049,1.6,-1.6568542494923806
0.5,False,28,-0.05685424949238049,1.6,-1.6568542494923806
0.5,False,29,-0.05685424949238049,1.6,-1.6568542494923806
0.5,False,30,-0.05685424949238049,1.6,-1.6568542494923806
0.5,False,31,-0.05685424949238049,1.6,-1.6568542494923806
0.5,False,32,-0.05685424949238049,1.6,-1.6568542494923806
0.5,False,33,-0.05685424949238049,1.6,-1.6568542494923806
0.5,False,34,-0.05685424949238049,1.6,-1.6568542494923806
0.5,False,35,-0.05685424949238049,1.6,-1.6568542494923806
0.5,False,36,-0.05685424949238049,1.6,-1.6568542494923806
0.5,False,37,-0.05685424949238049,1.6,-1.6568542494923806
0.5,False,38,-0.05685424949238049,1.6,-1.6568542494923806
0.5,False,39,-0.05685424949238049,1.6,-1.6568542494923806
0.5,False,40,-0.05685424949238049,1.6,-1.6568542494923806
0.5,False,41,-0.05685424949238049,1.6,-1.6568542494923806
0.5,False,42,-0.05685424949238049,1.6,-1.6568542494923806
0.5,False,43,-0.05685424949238049,1.6,-1.6568542494923806
0.5,False,44,-0.05685424949238049,1.6,-1.6568542494923806
0.5,False,45,-0.05685424949238049,1.6,-1.6568542494923806
0.5,False,46,-0.05685424949238049,1.6,-1.6568542494923806
0.5,False,47,-0.05685424949238049,1.6,-1.6568542494923806
0.5,False,48,-0.05685424949238049,1.6,-1.6568542494923806
0.5,False,49,-0.05685424949238049,1.6,-1.6568542494923806
0.5,True,0,2.8,1.6,1.1999999999999997
0.5,True,1,2.8,1.6,1.1999999999999997
0.5,True,2,2.8,1.6,1.1999999999999997
0.5,True,3,2.8,1.6,1.1999999999999997
0.5,True,4,2.8,1.6,1.1999999999999997
0.5,True,5,-0.5859976817868824,1.6,-2.1859976817868825
0.5,True,6,2.8,1.6,1.1999999999999997
0.5,True,7,2.8,1.6,1.1999999999999997
0.5,True,8,2.8,1.6,1.1999999999999997
0.5,True,9,2.8,1.6,1.1999999999999997
0.5,True,10,2.8,1.6,1.1999999999999997
0.5,True,11,2.8,1.6,1.1999999999999997
0.5,True,12,2.8,1.6,1.1999999999999997
0.5,True,13,0.7410380180337293,1.6,-0.8589619819662708
0.5,True,14,2.8,1.6,1.1999999999999997
0.5,True,15,2.8,1.6,1.1999999999999997
0.5,True,16,2.8,1.6,1.1999999999999997
0.5,True,17,2.8,1.6,1.1999999999999997
0.5,True,18,1.4860769794110449,1.6,-0.1139230205889552
0.5,True,19,2.8,1.6,1.1999999999999997
0.5,True,20,2.8,1.6,1.1999999999999997
0.5,True,21,2.8,1.6,1.1999999999999997
0.5,True,22,2.8,1.6,1.1999999999999997
0.5,True,23,2.8,1.6,1.1999999999999997
0.5,True,24,2.8,1.6,1.1999999999999997
0.5,True,25,2.8,1.6,1.1999999999999997
0.5,True,26,2.8,1.6,1.1999999999999997
0.5,True,27,2.8,1.6,1.1999999999999997
0.5,True,28,2.8,1.6,1.1999999999999997
0.5,True,29,2.8,1.6,1.1999999999999997
0.5,True,30,2.8,1.6,1.1999999999999997
0.5,True,31,2.8,1.6,1.1999999999999997
0.5,True,32,1.5794394081984344,1.6,-0.020560591801565664
0.5,True,33,2.8,1.6,1.1999999999999997
0.5,True,34,2.8,1.6,1.1999999999999997
0.5,True,35,2.8,1.6,1.1999999999999997
0.5,True,36,2.8,1.6,1.1999999999999997
0.5,True,37,2.8,1.6,1.1999999999999997
0.5,True,38,2.8,1.6,1.1999999999999997
0.5,True,39,2.8,1.6,1.1999999999999997
0.5,True,40,2.8,1.6,1.1999999999999997
0.5,True,41,2.8,1.6,1.1999999999999997
0.5,True,42,0.31140819881932513,1.6,-1.288591801180675
0.5,True,43,2.8,1.6,1.1999999999999997
0.5,True,44,2.8,1.6,1.1999999999999997
0.5,True,45,2.8,1.6,1.1999999999999997
0.5,True,46,2.8,1.6,1.1999999999999997
0.5,True,47,2.8,1.6,1.1999999999999997
0.5,True,48,2.8,1.6,1.1999999999999997
0.5,True,49,2.8,1.6,1.1999999999999997
1.0,False,0,-5.7137084989847615,1.6,-7.313708498984761
1.0,False,1,-5.7137084989847615,1.6,-7.313708498984761
1.0,False,2,-5.7137084989847615,1.6,-7.313708498984761
1.0,False,3,-5.7137084989847615,1.6,-7.313708498984761
1.0,False,4,-5.7137084989847615,1.6,-7.313708498984761
1.0,False,5,-5.7137084989847615,1.6,-7.313708498984761
1.0,False,6,-5.7137084989847615,1.6,-7.313708498984761
1.0,False,7,-5.7137084989847615,1.6,-7.313708498984761
1.0,False,8,-5.7137084989847615,1.6,-7.313708498984761
1.0,False,9,-5.7137084989847615,1.6,-7.313708498984761
1.0,False,10,-5.7137084989847615,1.6,-7.313708498984761
1.0,False,11,-5.7137084989847615,1.6,-7.313708498984761
1.0,False,12,-5.7137084989847615,1.6,-7.313708498984761
1.0,False,13,-5.7137084989847615,1.6,-7.313708498984761
1.0,False,14,-5.7137084989847615,1.6,-7.313708498984761
1.0,False,15,-5.7137084989847615,1.6,-7.313708498984761
1.0,False,16,-5.7137084989847615,1.6,-7.313708498984761
1.0,False,17,-5.7137084989847615,1.6,-7.313708498984761
1.0,False,18,-5.7137084989847615,1.6,-7.313708498984761
1.0,False,19,-5.7137084989847615,1.6,-7.313708498984761
1.0,False,20,-5.7137084989847615,1.6,-7.313708498984761
1.0,False,21,-5.7137084989847615,1.6,-7.313708498984761
1.0,False,22,-5.7137084989847615,1.6,-7.313708498984761
1.0,False,23,-5.7137084989847615,1.6,-7.313708498984761
1.0,False,24,-5.7137084989847615,1.6,-7.313708498984761
1.0,False,25,-5.7137084989847615,1.6,-7.313708498984761
1.0,False,26,-5.7137084989847615,1.6,-7.313708498984761
1.0,False,27,-5.7137084989847615,1.6,-7.313708498984761
1.0,False,28,-5.7137084989847615,1.6,-7.313708498984761
1.0,False,29,-5.7137084989847615,1.6,-7.313708498984761
1.0,False,30,-5.7137084989847615,1.6,-7.313708498984761
1.0,False,31,-5.7137084989847615,1.6,-7.313708498984761
1.0,False,32,-5.7137084989847615,1.6,-7.313708498984761
1.0,False,33,-5.7137084989847615,1.6,-7.313708498984761
1.0,False,34,-5.7137084989847615,1.6,-7.313708498984761
1.0,False,35,-5.7137084989847615,1.6,-7.313708498984761
1.0,False,36,-5.7137084989847615,1.6,-7.313708498984761
1.0,False,37,-5.7137084989847615,1.6,-7.313708498984761
1.0,False,38,-5.7137084989847615,1.6,-7.313708498984761
1.0,False,39,-5.7137084989847615,1.6,-7.313708498984761
1.0,False,40,-5.7137084989847615,1.6,-7.313708498984761
1.0,False,41,-5.7137084989847615,1.6,-7.313708498984761
1.0,False,42,-5.7137084989847615,1.6,-7.313708498984761
1.0,False,43,-5.7137084989847615,1.6,-7.313708498984761
1.0,False,44,-5.7137084989847615,1.6,-7.313708498984761
1.0,False,45,-5.7137084989847615,1.6,-7.313708498984761
1.0,False,46,-5.7137084989847615,1.6,-7.313708498984761
1.0,False,47,-5.7137084989847615,1.6,-7.313708498984761
1.0,False,48,-5.7137084989847615,1.6,-7.313708498984761
1.0,False,49,-5.7137084989847615,1.6,-7.313708498984761
1.0,True,0,0.8269429326176998,1.6,-0.7730570673823003
1.0,True,1,-3.1306740399741257,1.6,-4.730674039974126
1.0,True,2,-3.4118513429806128,1.6,-5.011851342980613
1.0,True,3,-1.158963562494176,1.6,-2.758963562494176
1.0,True,4,2.8,1.6,1.1999999999999997
1.0,True,5,0.5967053556625577,1.6,-1.0032946443374424
1.0,True,6,2.8,1.6,1.1999999999999997
1.0,True,7,-2.1016153910058697,1.6,-3.70161539100587
1.0,True,8,-6.101073878010059,1.6,-7.7010738780100585
1.0,True,9,0.023488216134890383,1.6,-1.5765117838651097
1.0,True,10,2.8,1.6,1.1999999999999997
1.0,True,11,2.8,1.6,1.1999999999999997
1.0,True,12,-0.9116963170088899,1.6,-2.51169631700889
1.0,True,13,-1.115637246519523,1.6,-2.715637246519523
1.0,True,14,2.8,1.6,1.1999999999999997
1.0,True,15,-3.262200396979862,1.6,-4.862200396979862
1.0,True,16,2.8,1.6,1.1999999999999997
1.0,True,17,2.8,1.6,1.1999999999999997
1.0,True,18,2.8,1.6,1.1999999999999997
1.0,True,19,-2.294453560828584,1.6,-3.894453560828584
1.0,True,20,1.107096823877979,1.6,-0.49290317612202106
1.0,True,21,2.8,1.6,1.1999999999999997
1.0,True,22,-1.8247326595519406,1.6,-3.4247326595519407
1.0,True,23,1.3788569003893483,1.6,-0.22114309961065182
1.0,True,24,2.8,1.6,1.1999999999999997
1.0,True,25,-9.181018566433826,1.6,-10.781018566433826
1.0,True,26,2.8,1.6,1.1999999999999997
1.0,True,27,-4.159695815325364,1.6,-5.7596958153253635
1.0,True,28,-0.9879917589448932,1.6,-2.5879917589448933
1.0,True,29,-1.2716077210195986,1.6,-2.8716077210195987
1.0,True,30,2.8,1.6,1.1999999999999997
1.0,True,31,0.600618159922115,1.6,-0.9993818400778851
1.0,True,32,2.8,1.6,1.1999999999999997
1.0,True,33,-0.01088730405386551,1.6,-1.6108873040538656
1.0,True,34,1.3660635599277424,1.6,-0.23393644007225767
1.0,True,35,2.8,1.6,1.1999999999999997
1.0,True,36,-0.7454587315078176,1.6,-2.3454587315078177
1.0,True,37,1.1431528683227188,1.6,-0.4568471316772813
1.0,True,38,-1.5590880549099384,1.6,-3.1590880549099385
1.0,True,39,-1.3949034512414191,1.6,-2.994903451241419
1.0,True,40,-3.0002640743655085,1.6,-4.6002640743655085
1.0,True,41,-2.8685431011733757,1.6,-4.468543101173376
1.0,True,42,-3.466785505702244,1.6,-5.066785505702244
1.0,True,43,-1.5854677476746732,1.6,-3.1854677476746733
1.0,True,44,2.8,1.6,1.1999999999999997
1.0,True,45,-0.14862326966665718,1.6,-1.7486232696666573
1.0,True,46,2.8,1.6,1.1999999999999997
1.0,True,47,-1.2239168222277468,1.6,-2.823916822227747
1.0,True,48,2.8,1.6,1.1999999999999997
1.0,True,49,-1.1007514347227496,1.6,-2.7007514347227497
2.0,False,0,-17.02741699796952,1.6,-18.627416997969522
2.0,False,1,-17.02741699796952,1.6,-18.627416997969522
2.0,False,2,-17.02741699796952,1.6,-18.627416997969522
2.0,False,3,-17.02741699796952,1.6,-18.627416997969522
2.0,False,4,-17.02741699796952,1.6,-18.627416997969522
2.0,False,5,-17.02741699796952,1.6,-18.627416997969522
2.0,False,6,-17.02741699796952,1.6,-18.627416997969522
2.0,False,7,-17.02741699796952,1.6,-18.627416997969522
2.0,False,8,-17.02741699796952,1.6,-18.627416997969522
2.0,False,9,-17.02741699796952,1.6,-18.627416997969522
2.0,False,10,-17.02741699796952,1.6,-18.627416997969522
2.0,False,11,-17.02741699796952,1.6,-18.627416997969522
2.0,False,12,-17.02741699796952,1.6,-18.627416997969522
2.0,False,13,-17.02741699796952,1.6,-18.627416997969522
2.0,False,14,-17.02741699796952,1.6,-18.627416997969522
2.0,False,15,-17.02741699796952,1.6,-18.627416997969522
2.0,False,16,-17.02741699796952,1.6,-18.627416997969522
2.0,False,17,-17.02741699796952,1.6,-18.627416997969522
2.0,False,18,-17.02741699796952,1.6,-18.627416997969522
2.0,False,19,-17.02741699796952,1.6,-18.627416997969522
2.0,False,20,-17.02741699796952,1.6,-18.627416997969522
2.0,False,21,-17.02741699796952,1.6,-18.627416997969522
2.0,False,22,-17.02741699796952,1.6,-18.627416997969522
2.0,False,23,-17.02741699796952,1.6,-18.627416997969522
2.0,False,24,-17.02741699796952,1.6,-18.627416997969522
2.0,False,25,-17.02741699796952,1.6,-18.627416997969522
2.0,False,26,-17.02741699796952,1.6,-18.627416997969522
2.0,False,27,-17.02741699796952,1.6,-18.627416997969522
2.0,False,28,-17.02741699796952,1.6,-18.627416997969522
2.0,False,29,-17.02741699796952,1.6,-18.627416997969522
2.0,False,30,-17.02741699796952,1.6,-18.627416997969522
2.0,False,31,-17.02741699796952,1.6,-18.627416997969522
2.0,False,32,-17.02741699796952,1.6,-18.627416997969522
2.0,False,33,-17.02741699796952,1.6,-18.627416997969522
2.0,False,34,-17.02741699796952,1.6,-18.627416997969522
2.0,False,35,-17.02741699796952,1.6,-18.627416997969522
2.0,False,36,-17.02741699796952,1.6,-18.627416997969522
2.0,False,37,-17.02741699796952,1.6,-18.627416997969522
2.0,False,38,-17.02741699796952,1.6,-18.627416997969522
2.0,False,39,-17.02741699796952,1.6,-18.627416997969522
2.0,False,40,-17.02741699796952,1.6,-18.627416997969522
2.0,False,41,-17.02741699796952,1.6,-18.627416997969522
2.0,False,42,-17.02741699796952,1.6,-18.627416997969522
2.0,False,43,-17.02741699796952,1.6,-18.627416997969522
2.0,False,44,-17.02741699796952,1.6,-18.627416997969522
2.0,False,45,-17.02741699796952,1.6,-18.627416997969522
2.0,False,46,-17.02741699796952,1.6,-18.627416997969522
2.0,False,47,-17.02741699796952,1.6,-18.627416997969522
2.0,False,48,-17.02741699796952,1.6,-18.627416997969522
2.0,False,49,-17.02741699796952,1.6,-18.627416997969522
2.0,True,0,1.352550007194893,1.6,-0.24744999280510704
2.0,True,1,-10.579303072325436,1.6,-12.179303072325435
2.0,True,2,-10.02326415629451,1.6,-11.62326415629451
2.0,True,3,0.5306083016676069,1.6,-1.0693916983323932
2.0,True,4,-2.0362230078905443,1.6,-3.6362230078905444
2.0,True,5,-9.649367505332805,1.6,-11.249367505332804
2.0,True,6,0.01975498994210101,1.6,-1.580245010057899
2.0,True,7,-7.559021053244461,1.6,-9.15902105324446
2.0,True,8,-6.699790455569428,1.6,-8.299790455569427
2.0,True,9,2.8,1.6,1.1999999999999997
2.0,True,10,-3.6675262053417383,1.6,-5.267526205341738
2.0,True,11,-4.198568221485596,1.6,-5.798568221485596
2.0,True,12,-6.104512132906638,1.6,-7.704512132906638
2.0,True,13,-2.5748212022491574,1.6,-4.1748212022491575
2.0,True,14,-8.999640291861843,1.6,-10.599640291861842
2.0,True,15,2.8,1.6,1.1999999999999997
2.0,True,16,-10.809229825883966,1.6,-12.409229825883966
2.0,True,17,-4.55441470947237,1.6,-6.15441470947237
2.0,True,18,-6.03805939930422,1.6,-7.63805939930422
2.0,True,19,-6.473323043077389,1.6,-8.073323043077389
2.0,True,20,1.1047803641333096,1.6,-0.4952196358666905
2.0,True,21,-0.3925309507815551,1.6,-1.9925309507815552
2.0,True,22,-1.7926726801105208,1.6,-3.392672680110521
2.0,True,23,-0.35170968568411487,1.6,-1.951709685684115
2.0,True,24,2.8,1.6,1.1999999999999997
2.0,True,25,-9.940205068791592,1.6,-11.540205068791591
2.0,True,26,-9.907233219300062,1.6,-11.507233219300062
2.0,True,27,-13.066498815534485,1.6,-14.666498815534485
2.0,True,28,-1.1934712492604107,1.6,-2.793471249260411
2.0,True,29,0.48232509191796913,1.6,-1.117674908082031
2.0,True,30,2.8,1.6,1.1999999999999997
2.0,True,31,-18.355745074524087,1.6,-19.95574507452409
2.0,True,32,-4.105575675480324,1.6,-5.705575675480324
2.0,True,33,-9.755180889821919,1.6,-11.355180889821918
2.0,True,34,-0.8340400826384902,1.6,-2.4340400826384903
2.0,True,35,-18.45866442404225,1.6,-20.058664424042252
2.0,True,36,-8.19114919142939,1.6,-9.79114919142939
2.0,True,37,-4.234017845836121,1.6,-5.8340178458361205
2.0,True,38,-13.318160724967202,1.6,-14.918160724967201
2.0,True,39,-12.949012424720925,1.6,-14.549012424720924
2.0,True,40,2.8,1.6,1.1999999999999997
2.0,True,41,-10.940685415815649,1.6,-12.540685415815648
2.0,True,42,-12.586868241487645,1.6,-14.186868241487645
2.0,True,43,0.03328977015389567,1.6,-1.5667102298461044
2.0,True,44,-1.1004701599931503,1.6,-2.7004701599931504
2.0,True,45,2.8,1.6,1.1999999999999997
2.0,True,46,2.8,1.6,1.1999999999999997
2.0,True,47,-1.5912302185328824,1.6,-3.1912302185328825
2.0,True,48,-7.426146379264793,1.6,-9.026146379264793
2.0,True,49,-15.767652147039255,1.6,-17.367652147039255
