tps,seed,p50_raft,p95_raft,p99_raft,p50_ai,p95_ai,p99_ai,p50_bft,p95_bft,p99_bft
100,0,515.3716388734261,519.4322484106677,523.1001785850224,514.9190918690717,518.8265611837145,520.7714226476086,530.9567101570901,536.335771635733,539.3417253765314
100,1,515.5041636297378,519.4058703775937,521.1014188360009,514.8601659590315,518.0731056235359,520.5856344980946,531.069964803607,535.5726827449356,538.6125374553476
100,2,515.456817258583,518.724205033122,521.1507099620297,514.9944894584719,518.5340306934552,521.736648590787,531.0820606373494,535.9482592759723,538.9587216110817
100,3,515.543974109687,519.2800454817751,522.0889349464853,514.8275881530803,518.7870044170672,521.2841731423758,530.9181908532314,535.207126246069,537.5723395311319
100,4,515.3607227206696,519.0979797125324,521.956351718058,514.8959637351766,518.858294398343,521.7785977712189,530.9255601860826,535.6746006091327,538.1855437951035
100,5,515.309785427346,519.3487256046051,521.5245522083076,514.8418577523348,518.8614084534811,521.284488918862,530.6971605943788,535.2848973495359,538.633477618192
100,6,515.4016445445832,519.0422386224207,522.3560199810366,514.882471990135,518.1490238110803,520.1868753834927,530.7506736253813,535.0099199876141,539.1965023648971
100,7,515.3929767553414,519.2314969379026,521.5190843360805,514.8210087021132,519.1482089002014,521.1547700223687,530.7493946533114,536.2505271173318,538.3892786182511
100,8,515.2259905523356,519.3010000255938,521.5697496833534,515.0047636631641,518.6217309580813,521.0273712476796,531.032459691872,536.5041804769243,538.7180972051026
100,9,515.3973937667868,519.3417512753072,521.2765030767177,514.9732837473043,518.7895424543858,520.8074257703622,530.9721455153767,536.4603436255425,538.7728278178824
100,10,515.5095431531755,519.2120583262752,521.4122514664972,514.9991842320687,518.7080804893851,520.1417802374824,530.9907998277104,535.3664578456088,537.8618594799456
100,11,515.3273084958555,519.1363863594717,521.6170618193964,514.8902192729827,518.7519156479143,521.094210021508,531.1177531740261,535.689018763407,537.4060838594912
100,12,515.465746095431,519.6941615308772,522.1093879386849,514.9078984403129,519.0951106930263,521.2592652605945,531.0192033548963,536.2786717786648,538.7287797585602
100,13,515.4259902101969,519.7973191842613,523.2105738822232,514.8753681248807,518.8256725027345,521.3135462499041,530.9110623048813,535.2050074847768,537.7881327334966
100,14,515.538732417182,519.7190400134016,521.29772125564,514.7894288533694,518.8770256629614,520.6130415546667,531.0409262045183,535.78916077424,538.0742315227976
100,15,515.5323991039492,519.1178946315742,520.9815961944088,515.0212586545122,518.9829947502479,520.6992876247759,531.0082951864223,535.2384184307281,537.8442367272389
100,16,515.4295676425902,519.6909823101313,522.5224600007361,514.9734076207078,518.7337102256542,520.7560456818958,531.0221877931374,535.959069321528,539.0562596444291
100,17,515.3001395580882,518.8196794472204,520.8372497826293,514.8200949511532,518.3312643193204,520.5643041424324,531.0151434401649,535.2950614153376,538.6266109171397
100,18,515.3885596073178,519.4335214316051,521.5087824976168,515.1185363228019,519.1639673271231,521.9376220259492,531.1693120884586,535.5236971098266,538.4291926496776
100,19,515.4184365151428,519.2331006458548,521.6154202912945,514.8058074826874,518.8133285157634,522.259427267739,530.9581477849805,535.5151398880326,539.1869762370193
100,20,515.3522028409583,519.4276757856035,521.7358479572017,514.9078100623601,518.9193794709266,522.6259931806813,531.011869114185,536.0092908811278,540.0191921737813
100,21,515.5434148865936,519.21090463565,521.1219554347875,515.15408244817,519.2443349192371,521.8515481040405,530.8889186118568,536.1425950475725,539.8040772396391
100,22,515.3180926288916,519.4629121343039,523.0210310287284,514.7734277682905,518.9053865171818,521.0312050062969,530.9373872220041,535.914142132624,539.1521009780522
100,23,515.4300255772805,520.0400218532051,521.9196979646686,514.9251476801765,518.8663235498254,522.3691504719351,530.7945478248648,535.3007616022935,537.8886404525102
100,24,515.5402347101113,518.6283502945874,520.7589603232956,515.1292218710593,519.0209568851393,521.0634759865867,530.9863004711763,535.9477631272259,538.6966343996609
100,25,515.5019113908915,519.5683404418215,522.8314863510479,514.931171948667,518.6290724440946,521.412199716436,531.0045533751987,535.6727830559208,539.650417484371
100,26,515.5639067484612,519.4271228637149,522.0308920316289,514.822108807289,518.9615991191002,522.031204607031,530.8867036846345,536.461454410932,542.9872186868911
100,27,515.4349920513184,519.591530125461,521.9909299625118,514.9429354718072,518.9953978798922,521.1855981277401,530.9383280531742,535.6852909379822,538.3222077515981
100,28,515.5710759221017,519.6680965019809,521.0552842234105,514.9237254930622,518.6314444239181,521.5310647377826,530.8507932698197,535.4269243897847,538.0465385482416
100,29,515.3213784952559,518.8202473386475,521.8535346006572,514.9365460874119,518.7151739121833,520.9931625181977,531.055649799335,535.843917749233,538.0686497194121
250,0,215.37163887342612,219.43224841066774,223.10017858502246,214.91909186907168,218.8265611837145,220.77142264760857,230.95671015709016,236.33577163573287,239.34172537653134
250,1,215.5041636297379,219.40587037759371,221.10141883600085,214.86016595903152,218.0731056235359,220.58563449809446,231.06996480360706,235.5726827449356,238.6125374553475
250,2,215.456817258583,218.72420503312193,221.15070996202965,214.99448945847197,218.53403069345526,221.73664859078707,231.08206063734946,235.9482592759724,238.9587216110817
250,3,215.543974109687,219.28004548177523,222.0889349464853,214.8275881530804,218.78700441706718,221.28417314237578,230.91819085323152,235.20712624606904,237.57233953113192
250,4,215.36072272066974,219.09797971253235,221.95635171805804,214.89596373517657,218.858294398343,221.77859777121887,230.9255601860826,235.67460060913257,238.18554379510357
250,5,215.30978542734607,219.34872560460497,221.52455220830745,214.84185775233482,218.86140845348115,221.28448891886208,230.69716059437877,235.28489734953595,238.633477618192
250,6,215.4016445445833,219.0422386224207,222.35601998103658,214.882471990135,218.1490238110802,220.18687538349275,230.7506736253813,235.0099199876142,239.19650236489719
250,7,215.39297675534146,219.2314969379027,221.5190843360804,214.82100870211326,219.14820890020147,221.1547700223686,230.74939465331136,236.25052711733176,238.38927861825107
250,8,215.2259905523355,219.30100002559377,221.5697496833535,215.0047636631641,218.62173095808137,221.02737124767967,231.0324596918719,236.5041804769243,238.7180972051026
250,9,215.39739376678673,219.34175127530722,221.27650307671783,214.9732837473043,218.7895424543858,220.80742577036222,230.97214551537664,236.46034362554246,238.77282781788253
250,10,215.50954315317549,219.21205832627518,221.41225146649717,214.99918423206873,218.70808048938514,220.1417802374824,230.99079982771033,235.3664578456088,237.86185947994562
250,11,215.3273084958555,219.13638635947166,221.6170618193964,214.89021927298262,218.75191564791422,221.09421002150805,231.11775317402612,235.6890187634071,237.40608385949122
250,12,215.46574609543092,219.69416153087724,222.10938793868493,214.9078984403129,219.09511069302624,221.25926526059442,231.01920335489626,236.27867177866494,238.7287797585602
250,13,215.42599021019691,219.79731918426123,223.2105738822232,214.8753681248806,218.82567250273448,221.3135462499041,230.91106230488117,235.20500748477684,237.78813273349658
250,14,215.53873241718202,219.7190400134016,221.29772125564,214.7894288533694,218.8770256629614,220.61304155466672,231.04092620451829,235.78916077423997,238.0742315227976
250,15,215.5323991039491,219.1178946315743,220.98159619440867,215.02125865451214,218.98299475024794,220.69928762477596,231.0082951864223,235.23841843072805,237.84423672723898
250,16,215.42956764259023,219.6909823101313,222.52246000073617,214.97340762070777,218.73371022565416,220.7560456818958,231.02218779313745,235.959069321528,239.05625964442916
250,17,215.30013955808826,218.81967944722044,220.8372497826293,214.82009495115318,218.3312643193204,220.5643041424325,231.01514344016493,235.29506141533764,238.62661091713974
250,18,215.38855960731775,219.43352143160502,221.50878249761678,215.11853632280187,219.16396732712312,221.9376220259492,231.16931208845853,235.52369710982668,238.42919264967765
250,19,215.41843651514284,219.23310064585485,221.61542029129453,214.80580748268738,218.81332851576337,222.25942726773906,230.9581477849805,235.51513988803268,239.18697623701925
250,20,215.35220284095828,219.4276757856034,221.73584795720168,214.90781006236017,218.9193794709267,222.6259931806813,231.01186911418498,236.00929088112773,240.0191921737813
250,21,215.54341488659355,219.21090463564994,221.12195543478748,215.15408244817002,219.24433491923713,221.85154810404052,230.88891861185664,236.1425950475725,239.8040772396391
250,22,215.31809262889158,219.46291213430393,223.0210310287284,214.77342776829047,218.90538651718177,221.03120500629691,230.93738722200416,235.91414213262397,239.1521009780523
250,23,215.43002557728062,220.04002185320522,221.91969796466853,214.92514768017642,218.86632354982547,222.3691504719352,230.7945478248649,235.3007616022936,237.8886404525102
250,24,215.54023471011135,218.62835029458748,220.75896032329567,215.12922187105931,219.0209568851393,221.0634759865867,230.98630047117618,235.94776312722593,238.696634399661
250,25,215.50191139089145,219.56834044182156,222.831486351048,214.9311719486671,218.6290724440946,221.41219971643602,231.0045533751987,235.67278305592075,239.650417484371
250,26,215.56390674846133,219.4271228637149,222.03089203162884,214.82210880728906,218.96159911910016,222.03120460703096,230.88670368463445,236.46145441093205,242.98721868689105
250,27,215.43499205131843,219.59153012546088,221.99092996251184,214.9429354718073,218.9953978798922,221.18559812774018,230.93832805317413,235.68529093798224,238.322207751598
250,28,215.57107592210178,219.66809650198104,221.0552842234105,214.9237254930622,218.63144442391814,221.53106473778266,230.85079326981972,235.4269243897847,238.0465385482416
250,29,215.3213784952558,218.82024733864748,221.85353460065716,214.93654608741184,218.7151739121833,220.99316251819755,231.05564979933507,235.84391774923313,238.06864971941212
500,0,115.37163887342612,119.43224841066774,123.10017858502242,114.91909186907165,118.82656118371447,120.77142264760857,130.95671015709016,136.33577163573287,139.34172537653134
500,1,115.50416362973789,119.40587037759371,121.10141883600085,114.86016595903153,118.07310562353587,120.58563449809449,131.06996480360706,135.5726827449356,138.6125374553475
500,2,115.45681725858299,118.72420503312193,121.15070996202965,114.99448945847197,118.53403069345526,121.73664859078704,131.08206063734946,135.9482592759724,138.9587216110817
500,3,115.54397410968701,119.2800454817752,122.08893494648528,114.82758815308037,118.78700441706722,121.28417314237578,130.91819085323152,135.20712624606904,137.57233953113192
500,4,115.36072272066971,119.09797971253234,121.95635171805804,114.89596373517657,118.85829439834299,121.77859777121888,130.9255601860826,135.67460060913257,138.18554379510357
500,5,115.30978542734607,119.34872560460498,121.52455220830747,114.84185775233485,118.86140845348113,121.28448891886205,130.69716059437877,135.28489734953595,138.633477618192
500,6,115.40164454458329,119.04223862242071,122.35601998103658,114.88247199013497,118.1490238110802,120.18687538349276,130.7506736253813,135.0099199876142,139.19650236489719
500,7,115.39297675534146,119.2314969379027,121.51908433608043,114.82100870211323,119.1482089002015,121.1547700223686,130.74939465331136,136.25052711733176,138.38927861825107
500,8,115.2259905523355,119.30100002559377,121.56974968335349,115.00476366316408,118.62173095808136,121.02737124767967,131.0324596918719,136.5041804769243,138.7180972051026
500,9,115.39739376678673,119.34175127530725,121.2765030767178,114.97328374730431,118.78954245438582,120.80742577036222,130.97214551537667,136.46034362554246,138.77282781788253
500,10,115.50954315317549,119.21205832627518,121.41225146649718,114.99918423206874,118.70808048938514,120.1417802374824,130.9907998277103,135.3664578456088,137.86185947994562
500,11,115.32730849585553,119.13638635947167,121.61706181939645,114.89021927298262,118.75191564791423,121.09421002150803,131.11775317402612,135.6890187634071,137.40608385949122
500,12,115.46574609543094,119.69416153087724,122.10938793868493,114.90789844031289,119.09511069302626,121.2592652605944,131.01920335489626,136.27867177866494,138.7287797585602
500,13,115.42599021019689,119.79731918426121,123.2105738822232,114.87536812488062,118.82567250273449,121.31354624990414,130.9110623048812,135.20500748477684,137.78813273349658
500,14,115.53873241718199,119.7190400134016,121.29772125564,114.7894288533694,118.87702566296139,120.61304155466671,131.04092620451829,135.78916077423997,138.0742315227976
500,15,115.53239910394912,119.11789463157432,120.98159619440868,115.02125865451214,118.98299475024797,120.69928762477596,131.0082951864223,135.23841843072805,137.84423672723898
500,16,115.42956764259023,119.6909823101313,122.52246000073617,114.97340762070775,118.73371022565419,120.75604568189581,131.02218779313745,135.959069321528,139.05625964442916
500,17,115.30013955808826,118.81967944722044,120.83724978262929,114.82009495115321,118.33126431932043,120.56430414243248,131.01514344016493,135.29506141533764,138.62661091713974
500,18,115.38855960731773,119.43352143160502,121.50878249761678,115.11853632280187,119.1639673271231,121.93762202594918,131.16931208845853,135.52369710982668,138.42919264967765
500,19,115.41843651514286,119.23310064585485,121.61542029129451,114.80580748268736,118.81332851576339,122.25942726773904,130.9581477849805,135.51513988803268,139.18697623701925
500,20,115.35220284095828,119.42767578560343,121.73584795720167,114.90781006236016,118.9193794709267,122.62599318068128,131.01186911418498,136.00929088112773,140.0191921737813
500,21,115.54341488659355,119.21090463564994,121.1219554347875,115.15408244817,119.24433491923713,121.85154810404052,130.88891861185664,136.1425950475725,139.8040772396391
500,22,115.31809262889159,119.46291213430393,123.02103102872839,114.77342776829047,118.90538651718177,121.03120500629689,130.93738722200416,135.91414213262397,139.1521009780523
500,23,115.43002557728062,120.0400218532052,121.91969796466856,114.92514768017642,118.8663235498255,122.36915047193517,130.7945478248649,135.3007616022936,137.8886404525102
500,24,115.54023471011135,118.62835029458748,120.75896032329565,115.12922187105931,119.0209568851393,121.0634759865867,130.98630047117618,135.94776312722593,138.696634399661
500,25,115.50191139089146,119.56834044182152,122.831486351048,114.93117194866709,118.6290724440946,121.412199716436,131.0045533751987,135.67278305592075,139.650417484371
500,26,115.56390674846133,119.42712286371491,122.03089203162884,114.82210880728906,118.96159911910016,122.03120460703094,130.88670368463448,136.46145441093205,142.98721868689105
500,27,115.43499205131845,119.59153012546088,121.99092996251183,114.94293547180729,118.99539787989222,121.18559812774016,130.93832805317413,135.68529093798224,138.322207751598
500,28,115.5710759221018,119.66809650198104,121.0552842234105,114.92372549306218,118.63144442391815,121.53106473778266,130.85079326981975,135.4269243897847,138.0465385482416
500,29,115.3213784952558,118.82024733864748,121.85353460065717,114.93654608741184,118.71517391218329,120.99316251819758,131.05564979933504,135.84391774923313,138.06864971941212
1000,0,65.37163887342612,69.43224841066774,73.10017858502242,64.91909186907165,68.82656118371447,70.77142264760857,80.95671015709016,86.33577163573287,89.34172537653134
1000,1,65.50416362973789,69.40587037759371,71.10141883600085,64.86016595903153,68.07310562353587,70.58563449809449,81.06996480360706,85.57268274493563,88.6125374553475
1000,2,65.45681725858299,68.72420503312193,71.15070996202965,64.99448945847197,68.53403069345526,71.73664859078704,81.08206063734946,85.94825927597239,88.9587216110817
1000,3,65.54397410968701,69.2800454817752,72.08893494648528,64.82758815308037,68.78700441706722,71.28417314237578,80.91819085323152,85.20712624606905,87.5723395311319
1000,4,65.36072272066971,69.09797971253234,71.95635171805804,64.89596373517657,68.85829439834299,71.77859777121888,80.9255601860826,85.67460060913257,88.18554379510356
1000,5,65.30978542734607,69.34872560460498,71.52455220830747,64.84185775233485,68.86140845348113,71.28448891886205,80.69716059437877,85.28489734953595,88.63347761819198
1000,6,65.40164454458329,69.04223862242071,72.35601998103658,64.88247199013497,68.1490238110802,70.18687538349276,80.75067362538132,85.0099199876142,89.19650236489719
1000,7,65.39297675534146,69.2314969379027,71.51908433608041,64.82100870211323,69.1482089002015,71.1547700223686,80.74939465331138,86.25052711733177,88.38927861825107
1000,8,65.2259905523355,69.30100002559377,71.56974968335349,65.00476366316408,68.62173095808136,71.02737124767967,81.03245969187194,86.50418047692426,88.7180972051026
1000,9,65.39739376678673,69.34175127530723,71.2765030767178,64.97328374730431,68.78954245438582,70.80742577036222,80.97214551537664,86.46034362554245,88.77282781788251
1000,10,65.50954315317549,69.21205832627518,71.41225146649718,64.99918423206874,68.70808048938514,70.1417802374824,80.99079982771032,85.36645784560879,87.86185947994561
1000,11,65.32730849585553,69.13638635947167,71.61706181939645,64.89021927298262,68.75191564791423,71.09421002150803,81.11775317402612,85.68901876340708,87.40608385949123
1000,12,65.46574609543094,69.69416153087724,72.10938793868493,64.90789844031289,69.09511069302626,71.2592652605944,81.01920335489625,86.27867177866496,88.72877975856021
1000,13,65.42599021019689,69.79731918426121,73.2105738822232,64.87536812488062,68.82567250273449,71.31354624990414,80.9110623048812,85.20500748477684,87.78813273349654
1000,14,65.53873241718199,69.7190400134016,71.29772125564,64.78942885336942,68.87702566296139,70.61304155466671,81.04092620451829,85.78916077423999,88.07423152279759
1000,15,65.53239910394912,69.1178946315743,70.98159619440868,65.02125865451214,68.98299475024797,70.69928762477596,81.00829518642229,85.23841843072803,87.84423672723898
1000,16,65.42956764259023,69.6909823101313,72.52246000073617,64.97340762070775,68.73371022565419,70.75604568189581,81.02218779313743,85.95906932152799,89.05625964442916
1000,17,65.30013955808826,68.81967944722044,70.83724978262929,64.82009495115321,68.33126431932043,70.56430414243248,81.01514344016493,85.29506141533761,88.62661091713974
1000,18,65.38855960731773,69.43352143160502,71.50878249761679,65.11853632280189,69.16396732712312,71.93762202594918,81.16931208845854,85.52369710982668,88.42919264967763
1000,19,65.41843651514286,69.23310064585485,71.61542029129451,64.80580748268736,68.81332851576339,72.25942726773904,80.9581477849805,85.51513988803269,89.18697623701925
1000,20,65.35220284095828,69.42767578560343,71.73584795720167,64.90781006236016,68.9193794709267,72.62599318068128,81.01186911418498,86.00929088112773,90.01919217378132
1000,21,65.54341488659355,69.21090463564994,71.1219554347875,65.15408244817,69.24433491923713,71.85154810404052,80.88891861185665,86.14259504757253,89.80407723963908
1000,22,65.31809262889158,69.46291213430393,73.02103102872839,64.77342776829047,68.90538651718177,71.03120500629689,80.93738722200415,85.91414213262398,89.15210097805229
1000,23,65.43002557728062,70.0400218532052,71.91969796466856,64.92514768017642,68.8663235498255,72.36915047193517,80.7945478248649,85.30076160229359,87.88864045251016
1000,24,65.54023471011135,68.62835029458748,70.75896032329565,65.12922187105931,69.0209568851393,71.0634759865867,80.98630047117618,85.94776312722591,88.696634399661
1000,25,65.50191139089146,69.56834044182152,72.831486351048,64.93117194866709,68.6290724440946,71.412199716436,81.00455337519871,85.67278305592077,89.65041748437099
1000,26,65.56390674846135,69.42712286371491,72.03089203162884,64.82210880728906,68.96159911910016,72.03120460703094,80.88670368463445,86.46145441093206,92.98721868689105
1000,27,65.43499205131845,69.59153012546088,71.99092996251183,64.94293547180729,68.99539787989222,71.18559812774016,80.93832805317413,85.68529093798224,88.32220775159803
1000,28,65.5710759221018,69.66809650198104,71.0552842234105,64.92372549306218,68.63144442391815,71.53106473778267,80.85079326981973,85.42692438978469,88.04653854824159
1000,29,65.3213784952558,68.82024733864748,71.85353460065717,64.93654608741183,68.71517391218329,70.99316251819758,81.05564979933504,85.84391774923311,88.06864971941211
1500,0,48.704972206759464,52.76558174400107,56.43351191835577,48.252425202405,52.15989451704782,54.1047559809419,64.29004349042349,69.66910496906621,72.67505870986469
1500,1,48.837496963071224,52.73920371092706,54.43475216933418,48.19349929236487,51.40643895686922,53.918967831427814,64.4032981369404,68.90601607826896,71.94587078868085
1500,2,48.790150591916316,52.057538366455276,54.484043295362994,48.3278227918053,51.867364026788614,55.06998192412038,64.41539397068279,69.28159260930572,72.29205494441503
1500,3,48.87730744302034,52.613378815108554,55.422268279818624,48.160921486413706,52.12033775040055,54.61750647570911,64.25152418656486,68.54045957940238,70.90567286446525
1500,4,48.694056054003056,52.43131304586568,55.28968505139138,48.229297068509915,52.191627731676334,55.111931104552205,64.25889351941593,69.00793394246591,71.5188771284369
1500,5,48.64311876067942,52.682058937938315,54.8578855416408,48.175191085668175,52.19474178681448,54.617822252195396,64.03049392771212,68.61823068286928,71.96681095152532
1500,6,48.73497787791663,52.37557195575404,55.68935331436992,48.21580532346832,51.48235714441353,53.5202087168261,64.08400695871464,68.34325332094754,72.52983569823051
1500,7,48.72631008867481,52.56483027123604,54.852417669413754,48.154342035446575,52.481542233534825,54.488103355701924,64.08272798664473,69.58386045066511,71.7226119515844
1500,8,48.559323885668846,52.6343333589271,54.90308301668683,48.33809699649743,51.95506429141469,54.360704581013,64.36579302520525,69.8375138102576,72.05143053843594
1500,9,48.73072710012008,52.675084608640574,54.609836410051145,48.306617080637636,52.12287578771915,54.140759103695565,64.30547884870998,69.79367695887579,72.10616115121586
1500,10,48.84287648650883,52.54539165960851,54.74558479983051,48.33251756540208,52.04141382271847,53.47511357081573,64.32413316104365,68.69979117894214,71.19519281327894
1500,11,48.660641829188855,52.46971969280502,54.950395152729776,48.22355260631595,52.08524898124755,54.42754335484138,64.45108650735946,69.0223520967404,70.73941719282458
1500,12,48.79907942876427,53.02749486421057,55.44272127201827,48.24123177364621,52.42844402635959,54.59259859392774,64.35253668822958,69.61200511199829,72.06211309189355
1500,13,48.75932354353023,53.13065251759455,56.54390721555656,48.208701458213966,52.15900583606783,54.646879583237464,64.24439563821453,68.53834081811017,71.12146606682987
1500,14,48.87206575051533,53.052373346734925,54.63105458897332,48.12276218670276,52.210358996294715,53.946374888000044,64.37425953785163,69.12249410757333,71.40756485613092
1500,15,48.86573243728246,52.45122796490765,54.31492952774202,48.354591987845474,52.31632808358129,54.032620958109305,64.34162851975563,68.57175176406137,71.17757006057231
1500,16,48.76290097592357,53.02431564346465,55.8557933340695,48.306740954041096,52.06704355898752,54.08937901522915,64.35552112647078,69.29240265486133,72.3895929777625
1500,17,48.63347289142161,52.15301278055378,54.17058311596262,48.15342828448655,51.66459765265376,53.897637475765805,64.34847677349828,68.62839474867096,71.95994425047309
1500,18,48.72189294065107,52.76685476493835,54.84211583095013,48.45186965613522,52.497300660456446,55.27095535928254,64.50264542179187,68.85703044316001,71.76252598301096
1500,19,48.7517698484762,52.56643397918817,54.94875362462785,48.1391408160207,52.14666184909671,55.592760601072385,64.29148111831384,68.84847322136602,72.52030957035258
1500,20,48.68553617429161,52.76100911893677,55.06918129053502,48.2411433956935,52.252712804260035,55.95932651401461,64.3452024475183,69.34262421446107,73.35252550711465
1500,21,48.876748219926895,52.54423796898328,54.45528876812084,48.48741578150333,52.57766825257047,55.184881437373846,64.22225194519,69.47592838090586,73.13741057297243
1500,22,48.65142596222492,52.79624546763728,56.35436436206172,48.10676110162382,52.2387198505151,54.364538339630215,64.27072055533748,69.24747546595732,72.48543431138563
1500,23,48.763358910613945,53.37335518653854,55.25303129800188,48.258481013509765,52.19965688315882,55.702483805268514,64.12788115819825,68.63409493562692,71.2219737858435
1500,24,48.873568043444685,51.96168362792082,54.09229365662899,48.46255520439265,52.35429021847262,54.396809319920024,64.31963380450952,69.28109646055924,72.02996773299432
1500,25,48.83524472422481,52.901673775154876,56.16481968438134,48.26450528200043,51.96240577742794,54.745533049769335,64.33788670853204,69.0061163892541,72.98375081770433
1500,26,48.89724008179468,52.76045619704826,55.36422536496217,48.15544214062239,52.2949324524335,55.364537940364286,64.2200370179678,69.79478774426539,76.3205520202244
1500,27,48.76832538465178,52.924863458794206,55.32426329584517,48.27626880514063,52.328731213225545,54.5189314610735,64.27166138650747,69.01862427131557,71.65554108493136
1500,28,48.90440925543514,53.00142983531437,54.388617556743824,48.25705882639552,51.96477775725148,54.864398071116,64.18412660315306,68.76025772311803,71.37987188157491
1500,29,48.65471182858913,52.153580671980826,55.18686793399051,48.26987942074517,52.04850724551663,54.326495851530915,64.38898313266839,69.17725108256644,71.40198305274545
2000,0,50.46454859178266,55.54031051333467,60.125223231278035,49.89886483633957,54.7832014796431,57.2142783095107,69.94588769636269,76.66971454466609,80.42715672066419
2000,1,50.63020453717236,55.50733797199215,57.62677354500105,49.82520744878941,53.84138202941985,56.98204312261811,70.08745600450882,75.71585343116952,79.51567181918439
2000,2,50.57102157322872,54.655256291402424,57.68838745253708,49.99311182308996,54.417538366819095,58.4208107384838,70.1025757966868,76.18532409496548,79.94840201385212
2000,3,50.67996763710876,55.350056852219026,58.861168683106605,49.78448519135047,54.733755521334025,57.85521642796972,69.89773856653943,75.2589078075863,78.2154244139149
2000,4,50.45090340083715,55.12247464066543,58.695439647572556,49.86995466897072,54.82286799792874,58.473247214023594,69.90695023260325,75.84325076141572,78.98192974387943
2000,5,50.3872317841826,55.43590700575622,58.155690260384326,49.80232219041854,54.82676056685142,57.85561114857757,69.62145074297347,75.35612168691993,79.54184702273997
2000,6,50.502055680729114,55.05279827802588,59.19502497629573,49.853089987668724,53.936279763850244,56.48359422936595,69.68834203172665,75.01239998451774,80.24562795612148
2000,7,50.491220944176845,55.28937117237837,58.14885542010051,49.77626087764155,55.18526112525186,57.69346252796075,69.68674331663922,76.56315889666473,79.23659827281382
2000,8,50.282488190419386,55.3762500319922,58.21218710419187,50.00595457895511,54.527163697601694,57.534214059599584,70.0405746148399,76.88022559615533,79.64762150637824
2000,9,50.496742208483425,55.42718909413404,57.845628845897245,49.96660468413039,54.73692806798228,57.259282212952776,69.96518189422082,76.82542953192808,79.71603477235314
2000,10,50.636928941469364,55.26507290784397,58.015314333121474,49.998980290085925,54.635100611731424,56.42722529685299,69.9884997846379,75.458072307011,78.57732434993201
2000,11,50.4091356198194,55.17048294933959,58.27132727424556,49.862774091228275,54.68989455989278,57.61776252688505,70.14719146753265,75.86127345425884,78.00760482436404
2000,12,50.58218261928867,55.867701913596534,58.886734923356165,49.88487305039109,55.11888836628282,57.82408157574301,70.0240041936203,76.59833972333118,79.66097469820025
2000,13,50.532487762746115,55.99664898032652,60.263217352779016,49.844210156100786,54.78209062841811,57.89193281238017,69.88882788110149,75.25625935597107,78.48516591687068
2000,14,50.67341552147749,55.89880001675199,57.872151569549985,49.73678606671177,54.846282078701734,57.01630194333338,70.05115775564786,75.98645096779998,78.84278940349697
2000,15,50.6654988799364,55.147368289467884,57.47699524301085,50.02657331814017,54.97874343780996,57.12410953096995,70.01036898302786,75.29802303841005,78.55529590904874
2000,16,50.53695955323779,55.863727887664126,59.40307500092021,49.9667595258847,54.66713778206774,57.19505710236977,70.0277347414218,76.19883665191,80.07032455553646
2000,17,50.37517444761034,54.774599309025554,57.29656222828661,49.77511868894152,54.16408039915052,56.9553801780406,70.01892930020617,75.36882676917203,79.53326364642469
2000,18,50.48569950914717,55.54190178950628,58.13597812202099,50.148170403502355,55.20495915890389,58.672027532436495,70.21164011057319,75.65462138728334,79.28649081209704
2000,19,50.52304564392858,55.29137580731855,58.26927536411815,49.7572593533592,54.766660644704224,59.074284084673806,69.94768473122562,75.64392486004085,80.23372029627406
2000,20,50.440253551197856,55.53459473200429,58.41980994650211,49.8847625779502,54.89922433865838,59.5324914758516,70.01483639273121,76.26161360140968,81.27399021722665
2000,21,50.67926860824194,55.263630794562445,57.652444293484365,50.19260306021249,55.305418649046416,58.56443513005064,69.86114826482083,76.42824380946567,81.00509654954887
2000,22,50.39761578611448,55.57864016787993,60.026288785910495,49.71678471036309,54.8817331464772,57.539006257871115,69.92173402750518,76.14267766577998,80.19012622256538
2000,23,50.53753197160076,56.30002731650651,58.64962245583568,49.906434600220535,54.83290443728187,59.21143808991896,69.74318478108115,75.37595200286698,78.61080056563772
2000,24,50.67529338763919,54.53543786823435,57.19870040411957,50.16152733882414,55.02619610642411,57.57934498323335,69.98287558897022,76.1847039090324,79.62079299957624
2000,25,50.62738923861434,55.71042555227691,59.78935793881001,49.91396493583385,54.53634055511826,58.015249645545,70.00569171899838,75.84097881990095,80.81302185546375
2000,26,50.70488343557669,55.53390357964365,58.78861503953603,49.77763600911132,54.9519988988752,58.78900575878868,69.85837960579308,76.82681801366508,84.98402335861381
2000,27,50.543740064148054,55.7394126568261,58.73866245313979,49.92866933975911,54.99424734986527,57.73199765967521,69.92291006646768,75.85661367247782,79.15275968949751
2000,28,50.71384490262725,55.8351206274763,57.56910527926311,49.90465686632773,54.53930552989768,58.16383092222833,69.81349158727465,75.53365548723087,78.808173185302
2000,29,50.40172311906974,54.77530917330935,58.566918250821466,49.92068260926479,54.643967390229115,57.49145314774697,70.06956224916883,76.0548971865414,78.83581214926515
