1786791683,3
1786791686,3
1786791688,3
1786791691,3
1786791694,3
1786791696,3
1786791699,3
1786791702,3
1786791705,3
1786791708,3
1786791711,3
1786791713,3
1786791716,3
1786791719,3
1786791722,3
1786791725,3
1786791727,3
1786791730,3
1786791733,3
1786791735,3
1786791738,3
1786791741,3
1786791744,3
1786791746,3
1786791749,3
1786791752,3
1786791754,3
1786791757,3
1786791760,3
1786791762,3
1786791765,3
1786791768,3
1786791771,3
1786791773,3
1786791776,3
1786791779,3
1786791782,3
1786791784,3
1786791787,3
1786791790,3
1786791793,3
1786791795,3
1786791798,3
1786791801,3
1786791803,3
1786791806,3
1786791809,3
1786791811,3
1786791814,3
1786791817,3
1786791820,3
1786791822,3
1786791825,3
1786791827,3
1786791830,3
1786791833,3
1786791836,3
1786791839,3
1786791841,3
1786791844,3
1786791847,3
1786791849,3
1786791852,3
1786791855,3
1786791857,3
1786791860,3
1786791863,3
1786791866,3
1786791868,3
