1,1,1781070599584,1781070599895,311,FAIL
1,2,1781070599906,1781070600229,323,FAIL
1,3,1781070600246,1781070600592,346,FAIL
1,4,1781070600602,1781070600919,317,FAIL
1,5,1781070600931,1781070601239,308,FAIL
1,6,1781070601252,1781070601569,317,FAIL
1,7,1781070601590,1781070601910,320,FAIL
1,8,1781070601919,1781070602235,316,FAIL
1,9,1781070602249,1781070602550,301,FAIL
1,10,1781070602559,1781070602855,296,FAIL
1,11,1781070602869,1781070603182,313,FAIL
1,12,1781070603194,1781070603501,307,FAIL
1,13,1781070603510,1781070603819,309,FAIL
1,14,1781070603826,1781070604141,315,FAIL
1,15,1781070604150,1781070604472,322,FAIL
