arm,N,f,m,targets,seed,elec_idx,t_start,t_end,window,hits,size,list,r,cap,hits_mid,size_mid,list_mid,r_mid,cap_mid,leader_before,lb_was_target,leader_after,target_won,live
A_vanilla,15,7,2,3;11,1,1,1786335155.187196709,1786335169.111550941,Wp,1,1,11,0,6,2,2,11;3,0,6,12,0,5,0,1
A_vanilla,15,7,2,3;11,1,2,1786335169.116671246,1786335183.053270313,W1,2,2,3;11,0,6,2,2,11;3,0,6,5,0,4,0,1
A_vanilla,15,7,2,3;11,1,3,1786335183.073135599,1786335196.960192019,W1,2,2,11;3,0,6,2,2,11;3,0,6,4,0,12,0,1
A_vanilla,15,7,2,3;11,1,4,1786335196.981970875,1786335210.840362562,W1,2,2,11;3,0,6,2,2,11;3,0,6,12,0,13,0,1
A_vanilla,15,7,2,3;11,1,5,1786335210.850875187,1786335224.687403161,W1,2,2,11;3,0,6,2,2,3;11,0,6,13,0,3,1,1
A_vanilla,15,7,2,3;11,1,6,1786335224.692306692,1786335238.566711341,W1,2,2,11;3,0,6,2,2,3;11,0,6,3,1,5,0,1
A_vanilla,15,7,2,3;11,1,7,1786335238.577891389,1786335252.493688079,W1,2,2,3;11,0,6,2,2,3;11,0,6,5,0,8,0,1
A_vanilla,15,7,2,3;11,1,8,1786335252.503707204,1786335266.464187616,W1,2,2,3;11,0,6,2,2,3;11,0,6,8,0,2,0,1
A_vanilla,15,7,2,3;11,1,9,1786335266.475032294,1786335280.418826734,W1,2,2,3;11,0,6,2,2,3;11,0,6,2,0,7,0,1
A_vanilla,15,7,2,3;11,1,10,1786335280.432255725,1786335294.321600912,W1,2,2,3;11,0,6,2,2,3;11,0,6,7,0,14,0,1
B_oracle,15,7,2,3;11,1,1,1786335305.203470786,1786335319.192920431,W1,2,2,3;11,0,6,2,2,3;11,0,6,14,0,13,0,1
B_oracle,15,7,2,3;11,1,2,1786335319.204821246,1786335333.159454153,W1,2,2,3;11,0,6,2,2,3;11,0,6,13,0,6,0,1
B_oracle,15,7,2,3;11,1,3,1786335333.164790856,1786335346.980896937,W1,2,2,3;11,0,6,2,2,3;11,0,6,6,0,15,0,1
B_oracle,15,7,2,3;11,1,4,1786335346.985005059,1786335360.904362142,W1,2,2,3;11,0,6,2,2,3;11,0,6,15,0,2,0,1
B_oracle,15,7,2,3;11,1,5,1786335360.909736233,1786335374.781401799,W1,2,2,3;11,0,6,2,2,11;3,0,6,2,0,14,0,1
B_oracle,15,7,2,3;11,1,6,1786335374.797640057,1786335388.781744085,W1,2,2,3;11,0,6,2,2,3;11,0,6,14,0,5,0,1
B_oracle,15,7,2,3;11,1,7,1786335388.787144224,1786335402.701829561,W1,2,2,3;11,0,6,2,2,11;3,0,6,5,0,4,0,1
B_oracle,15,7,2,3;11,1,8,1786335402.712562562,1786335416.539698219,W1,2,2,11;3,0,6,2,2,11;3,0,6,4,0,14,0,1
B_oracle,15,7,2,3;11,1,9,1786335416.557392303,1786335430.432257498,W1,2,2,3;11,0,6,2,2,11;3,0,6,14,0,12,0,1
B_oracle,15,7,2,3;11,1,10,1786335430.446636904,1786335444.317736313,W1,2,2,11;3,0,6,2,2,3;11,0,6,12,0,2,0,1
C_predictor,15,7,2,3;11,1,1,1786335454.979658610,1786335468.868697324,W1,2,2,3;11,0,6,2,2,11;3,0,6,2,0,7,0,1
C_predictor,15,7,2,3;11,1,2,1786335468.880486638,1786335482.965520034,W1,2,2,3;11,0,6,2,2,3;11,0,6,7,0,9,0,1
C_predictor,15,7,2,3;11,1,3,1786335482.971926482,1786335496.927506635,W1,2,2,3;11,0,6,2,2,3;11,0,6,9,0,2,0,1
C_predictor,15,7,2,3;11,1,4,1786335496.949443508,1786335510.964610478,W1,2,2,3;11,0,6,2,2,3;11,0,6,2,0,12,0,1
C_predictor,15,7,2,3;11,1,5,1786335510.984621031,1786335524.952408978,W1,2,2,3;11,0,6,2,2,11;3,0,6,12,0,8,0,1
C_predictor,15,7,2,3;11,1,6,1786335524.966736578,1786335539.037012466,W1,2,2,3;11,0,6,2,2,11;3,0,6,8,0,7,0,1
C_predictor,15,7,2,3;11,1,7,1786335539.047921300,1786335552.987100230,W1,2,2,11;3,0,6,2,2,11;3,0,6,7,0,1,0,1
C_predictor,15,7,2,3;11,1,8,1786335553.000998192,1786335566.917467991,W1,2,2,3;11,0,6,2,2,11;3,0,6,1,0,13,0,1
C_predictor,15,7,2,3;11,1,9,1786335566.926986366,1786335580.804496852,W1,2,2,11;3,0,6,2,2,11;3,0,6,13,0,4,0,1
C_predictor,15,7,2,3;11,1,10,1786335580.813078603,1786335594.842979331,W1,2,2,11;3,0,6,2,2,11;3,0,6,4,0,10,0,1
A_vanilla,15,7,2,3;11,2,1,1786335611.686693415,1786335625.647744476,W1,2,2,11;3,0,6,2,2,11;3,0,6,10,0,9,0,1
A_vanilla,15,7,2,3;11,2,2,1786335625.666633005,1786335639.630156929,W1,2,2,11;3,0,6,2,2,11;3,0,6,9,0,13,0,1
A_vanilla,15,7,2,3;11,2,3,1786335639.640239823,1786335653.618306171,W1,2,2,11;3,0,6,2,2,11;3,0,6,13,0,2,0,1
A_vanilla,15,7,2,3;11,2,4,1786335653.627657413,1786335667.547825988,W1,2,2,11;3,0,6,2,2,11;3,0,6,2,0,3,1,1
A_vanilla,15,7,2,3;11,2,5,1786335667.572996339,1786335681.403646581,W1,2,2,11;3,0,6,2,2,11;3,0,6,3,1,6,0,1
A_vanilla,15,7,2,3;11,2,6,1786335681.413649205,1786335695.426943674,W1,2,2,11;3,0,6,2,2,11;3,0,6,6,0,15,0,1
A_vanilla,15,7,2,3;11,2,7,1786335695.439924794,1786335709.269616825,W1,2,2,3;11,0,6,2,2,3;11,0,6,15,0,8,0,1
A_vanilla,15,7,2,3;11,2,8,1786335709.283920106,1786335723.198156968,W1,2,2,3;11,0,6,2,2,3;11,0,6,8,0,5,0,1
A_vanilla,15,7,2,3;11,2,9,1786335723.206793923,1786335737.048455229,W1,2,2,11;3,0,6,2,2,3;11,0,6,5,0,13,0,1
A_vanilla,15,7,2,3;11,2,10,1786335737.060432664,1786335750.956151785,W1,2,2,11;3,0,6,2,2,3;11,0,6,13,0,3,1,1
B_oracle,15,7,2,3;11,2,1,1786335764.336250549,1786335778.382313591,W1,2,2,11;3,0,6,2,2,3;11,0,6,3,1,5,0,1
B_oracle,15,7,2,3;11,2,2,1786335778.394894906,1786335792.521045266,W1,2,2,11;3,0,6,2,2,3;11,0,6,5,0,13,0,1
B_oracle,15,7,2,3;11,2,3,1786335792.526488316,1786335806.399961281,W1,2,2,11;3,0,6,2,2,3;11,0,6,13,0,6,0,1
B_oracle,15,7,2,3;11,2,4,1786335806.405958805,1786335820.410261253,W1,2,2,3;11,0,6,2,2,3;11,0,6,6,0,12,0,1
B_oracle,15,7,2,3;11,2,5,1786335820.418300564,1786335834.444588177,W1,2,2,3;11,0,6,2,2,11;3,0,6,12,0,6,0,1
B_oracle,15,7,2,3;11,2,6,1786335834.455816378,1786335848.425677659,W1,2,2,3;11,0,6,2,2,3;11,0,6,6,0,1,0,1
B_oracle,15,7,2,3;11,2,7,1786335848.446873826,1786335862.394300794,W1,2,2,3;11,0,6,2,2,3;11,0,6,1,0,2,0,1
B_oracle,15,7,2,3;11,2,8,1786335862.410112190,1786335876.358884111,W1,2,2,3;11,0,6,2,2,11;3,0,6,2,0,0,0,0
B_oracle,15,7,2,3;11,2,9,1786335876.377069512,1786335890.326408350,W1,2,2,3;11,0,6,2,2,3;11,0,6,13,0,9,0,1
B_oracle,15,7,2,3;11,2,10,1786335890.331191499,1786335904.326711073,W1,2,2,3;11,0,6,2,2,3;11,0,6,9,0,1,0,1
C_predictor,15,7,2,3;11,2,1,1786335917.761579347,1786335931.793869695,W1,2,2,3;11,0,6,2,2,11;3,0,6,1,0,9,0,1
C_predictor,15,7,2,3;11,2,2,1786335931.800463627,1786335945.823914820,W1,2,2,11;3,0,6,2,2,11;3,0,6,9,0,1,0,1
C_predictor,15,7,2,3;11,2,3,1786335945.829974523,1786335959.815132216,W1,2,2,3;11,0,6,2,2,11;3,0,6,1,0,13,0,1
C_predictor,15,7,2,3;11,2,4,1786335959.821132211,1786335973.837356344,W1,2,2,11;3,0,6,2,2,11;3,0,6,13,0,12,0,1
C_predictor,15,7,2,3;11,2,5,1786335973.845445647,1786335987.817045635,W1,2,2,11;3,0,6,2,2,3;11,0,6,12,0,15,0,1
C_predictor,15,7,2,3;11,2,6,1786335987.825456006,1786336001.836211707,W1,2,2,3;11,0,6,2,2,11;3,0,6,15,0,1,0,1
C_predictor,15,7,2,3;11,2,7,1786336001.841486493,1786336015.873064452,W1,2,2,11;3,0,6,2,2,11;3,0,6,1,0,13,0,1
C_predictor,15,7,2,3;11,2,8,1786336015.885793272,1786336029.947144482,W1,2,2,3;11,0,6,2,2,11;3,0,6,13,0,2,0,1
C_predictor,15,7,2,3;11,2,9,1786336029.953099102,1786336044.047898115,W1,2,2,11;3,0,6,2,2,3;11,0,6,2,0,1,0,1
C_predictor,15,7,2,3;11,2,10,1786336044.056201534,1786336058.225634296,W1,2,2,3;11,0,6,2,2,3;11,0,6,1,0,2,0,1
A_vanilla,15,7,2,3;11,3,1,1786336076.817471006,1786336090.736447662,W1,2,2,3;11,0,6,2,2,3;11,0,6,2,0,7,0,1
A_vanilla,15,7,2,3;11,3,2,1786336090.743722023,1786336104.656697468,W1,2,2,3;11,0,6,2,2,3;11,0,6,7,0,3,1,1
A_vanilla,15,7,2,3;11,3,3,1786336104.669577487,1786336118.540923995,W1,2,2,11;3,0,6,2,2,3;11,0,6,3,1,6,0,1
A_vanilla,15,7,2,3;11,3,4,1786336118.549652946,1786336132.504224754,W1,2,2,11;3,0,6,2,2,3;11,0,6,6,0,5,0,1
A_vanilla,15,7,2,3;11,3,5,1786336132.515797876,1786336146.436112572,W1,2,2,11;3,0,6,2,2,3;11,0,6,5,0,2,0,1
A_vanilla,15,7,2,3;11,3,6,1786336146.441038465,1786336160.449346297,W1,2,2,11;3,0,6,2,2,11;3,0,6,2,0,7,0,1
A_vanilla,15,7,2,3;11,3,7,1786336160.456928315,1786336174.451979436,W1,2,2,11;3,0,6,2,2,11;3,0,6,7,0,10,0,1
A_vanilla,15,7,2,3;11,3,8,1786336174.466695474,1786336188.427227779,W1,2,2,11;3,0,6,2,2,3;11,0,6,10,0,7,0,1
A_vanilla,15,7,2,3;11,3,9,1786336188.436748856,1786336202.361899026,W1,2,2,3;11,0,6,2,2,11;3,0,6,7,0,6,0,1
A_vanilla,15,7,2,3;11,3,10,1786336202.374110722,1786336216.356249346,W1,2,2,3;11,0,6,2,2,3;11,0,6,6,0,8,0,1
B_oracle,15,7,2,3;11,3,1,1786336232.385487202,1786336246.283008431,W1,2,2,3;11,0,6,2,2,11;3,0,6,8,0,10,0,1
B_oracle,15,7,2,3;11,3,2,1786336246.296090408,1786336260.308245708,W1,2,2,11;3,0,6,2,2,11;3,0,6,10,0,14,0,1
B_oracle,15,7,2,3;11,3,3,1786336260.324800383,1786336274.252116209,W0,0,0,,NA,NA,2,2,11;3,0,6,14,0,6,0,1
B_oracle,15,7,2,3;11,3,4,1786336274.266112440,1786336288.221723205,W1,2,2,11;3,0,6,2,2,3;11,0,6,6,0,14,0,1
B_oracle,15,7,2,3;11,3,5,1786336288.231593578,1786336302.163663596,W1,2,2,11;3,0,6,2,2,11;3,0,6,14,0,10,0,1
B_oracle,15,7,2,3;11,3,6,1786336302.171395767,1786336316.191254359,W1,2,2,11;3,0,6,2,2,3;11,0,6,10,0,12,0,1
B_oracle,15,7,2,3;11,3,7,1786336316.199024690,1786336330.076368684,W1,2,2,3;11,0,6,2,2,11;3,0,6,12,0,7,0,1
B_oracle,15,7,2,3;11,3,8,1786336330.089142461,1786336343.958669188,W1,2,2,3;11,0,6,2,2,11;3,0,6,7,0,1,0,1
B_oracle,15,7,2,3;11,3,9,1786336343.969164724,1786336357.828513767,W1,2,2,3;11,0,6,2,2,11;3,0,6,1,0,2,0,1
B_oracle,15,7,2,3;11,3,10,1786336357.842457373,1786336371.702270936,W1,2,2,11;3,0,6,2,2,11;3,0,6,2,0,13,0,1
C_predictor,15,7,2,3;11,3,1,1786336386.042274863,1786336399.952942938,W1,2,2,3;11,0,6,2,2,3;11,0,6,13,0,2,0,1
C_predictor,15,7,2,3;11,3,2,1786336399.961836241,1786336413.888129169,W1,2,2,3;11,0,6,2,2,3;11,0,6,2,0,12,0,1
C_predictor,15,7,2,3;11,3,3,1786336413.896853708,1786336427.893026341,W1,2,2,3;11,0,6,2,2,3;11,0,6,12,0,10,0,1
C_predictor,15,7,2,3;11,3,4,1786336427.905216154,1786336441.809308433,W1,2,2,11;3,0,6,2,2,3;11,0,6,10,0,6,0,1
C_predictor,15,7,2,3;11,3,5,1786336441.814457157,1786336455.692532356,W1,2,2,3;11,0,6,2,2,3;11,0,6,6,0,13,0,1
C_predictor,15,7,2,3;11,3,6,1786336455.698817081,1786336469.557037113,W1,2,2,3;11,0,6,2,2,3;11,0,6,13,0,10,0,1
C_predictor,15,7,2,3;11,3,7,1786336469.567388712,1786336483.574594678,W1,2,2,3;11,0,6,2,2,11;3,0,6,10,0,4,0,1
C_predictor,15,7,2,3;11,3,8,1786336483.582413775,1786336497.542804323,W1,2,2,11;3,0,6,2,2,11;3,0,6,4,0,12,0,1
C_predictor,15,7,2,3;11,3,9,1786336497.550460835,1786336511.540067616,W1,2,2,3;11,0,6,2,2,11;3,0,6,12,0,5,0,1
C_predictor,15,7,2,3;11,3,10,1786336511.547516871,1786336525.500380329,W1,2,2,3;11,0,6,2,2,11;3,0,6,5,0,13,0,1
A_vanilla,15,7,2,3;11,4,1,1786336544.406564036,1786336558.281764489,W1,2,2,11;3,0,6,2,2,11;3,0,6,13,0,4,0,1
A_vanilla,15,7,2,3;11,4,2,1786336558.290379101,1786336572.126086093,W1,2,2,3;11,0,6,2,2,3;11,0,6,4,0,7,0,1
A_vanilla,15,7,2,3;11,4,3,1786336572.138330737,1786336586.087791272,W1,2,2,11;3,0,6,2,2,11;3,0,6,7,0,8,0,1
A_vanilla,15,7,2,3;11,4,4,1786336586.093600310,1786336599.941709093,W1,2,2,3;11,0,6,2,2,11;3,0,6,8,0,1,0,1
A_vanilla,15,7,2,3;11,4,5,1786336599.958079626,1786336613.810416183,W1,2,2,11;3,0,6,2,2,11;3,0,6,1,0,15,0,1
A_vanilla,15,7,2,3;11,4,6,1786336613.818050334,1786336627.705860622,W1,2,2,11;3,0,6,2,2,11;3,0,6,15,0,10,0,1
A_vanilla,15,7,2,3;11,4,7,1786336627.713556538,1786336641.714520872,W1,2,2,3;11,0,6,2,2,3;11,0,6,10,0,5,0,1
A_vanilla,15,7,2,3;11,4,8,1786336641.724321724,1786336655.686294038,W1,2,2,11;3,0,6,2,2,3;11,0,6,5,0,2,0,1
A_vanilla,15,7,2,3;11,4,9,1786336655.710301528,1786336669.681168745,W1,2,2,3;11,0,6,2,2,3;11,0,6,2,0,12,0,1
A_vanilla,15,7,2,3;11,4,10,1786336669.698384432,1786336683.661495882,W1,2,2,3;11,0,6,2,2,3;11,0,6,12,0,10,0,1
B_oracle,15,7,2,3;11,4,1,1786336701.504428170,1786336715.470448998,W1,2,2,11;3,0,6,2,2,11;3,0,6,10,0,4,0,1
B_oracle,15,7,2,3;11,4,2,1786336715.496726420,1786336729.522037508,W1,2,2,11;3,0,6,2,2,11;3,0,6,4,0,13,0,1
B_oracle,15,7,2,3;11,4,3,1786336729.535459225,1786336743.466838495,W1,2,2,3;11,0,6,2,2,11;3,0,6,13,0,4,0,1
B_oracle,15,7,2,3;11,4,4,1786336743.473487322,1786336757.423126561,W1,2,2,3;11,0,6,2,2,3;11,0,6,4,0,14,0,1
B_oracle,15,7,2,3;11,4,5,1786336757.439451809,1786336771.384194894,W1,2,2,11;3,0,6,2,2,3;11,0,6,14,0,4,0,1
B_oracle,15,7,2,3;11,4,6,1786336771.392071431,1786336785.295409173,W1,2,2,3;11,0,6,2,2,3;11,0,6,4,0,7,0,1
B_oracle,15,7,2,3;11,4,7,1786336785.311414803,1786336799.215109817,W1,2,2,3;11,0,6,2,2,3;11,0,6,7,0,9,0,1
B_oracle,15,7,2,3;11,4,8,1786336799.222294644,1786336813.101921242,W1,2,2,3;11,0,6,2,2,3;11,0,6,9,0,1,0,1
B_oracle,15,7,2,3;11,4,9,1786336813.123692891,1786336827.067530741,W1,2,2,3;11,0,6,2,2,3;11,0,6,1,0,14,0,1
B_oracle,15,7,2,3;11,4,10,1786336827.081895143,1786336841.048940331,W1,2,2,3;11,0,6,2,2,3;11,0,6,14,0,7,0,1
C_predictor,15,7,2,3;11,4,1,1786336859.043697550,1786336873.082013642,W1,2,2,3;11,0,6,2,2,3;11,0,6,7,0,6,0,1
C_predictor,15,7,2,3;11,4,2,1786336873.093176587,1786336887.113309589,W1,2,2,3;11,0,6,2,2,3;11,0,6,6,0,13,0,1
C_predictor,15,7,2,3;11,4,3,1786336887.126322683,1786336901.170251549,W1,2,2,3;11,0,6,2,2,3;11,0,6,13,0,8,0,1
C_predictor,15,7,2,3;11,4,4,1786336901.180983870,1786336915.200884252,W1,2,2,3;11,0,6,2,2,3;11,0,6,8,0,9,0,1
C_predictor,15,7,2,3;11,4,5,1786336915.207868030,1786336929.270312810,W1,2,2,3;11,0,6,2,2,3;11,0,6,9,0,5,0,1
C_predictor,15,7,2,3;11,4,6,1786336929.283624894,1786336943.280409414,W1,2,2,3;11,0,6,2,2,3;11,0,6,5,0,15,0,1
C_predictor,15,7,2,3;11,4,7,1786336943.290225362,1786336957.273991951,W1,2,2,3;11,0,6,2,2,11;3,0,6,15,0,1,0,1
C_predictor,15,7,2,3;11,4,8,1786336957.278060770,1786336971.318227051,W1,2,2,11;3,0,6,2,2,11;3,0,6,1,0,4,0,1
C_predictor,15,7,2,3;11,4,9,1786336971.327465218,1786336985.437369263,W1,2,2,11;3,0,6,2,2,11;3,0,6,4,0,15,0,1
C_predictor,15,7,2,3;11,4,10,1786336985.442474451,1786336999.522754481,W1,2,2,11;3,0,6,2,2,11;3,0,6,15,0,7,0,1
